filename,primary_label,secondary_labels,rating,duration,data_year,length,fold
akiapo/XC122399.ogg,akiapo,"['apapan', 'hawama', 'iiwi']",4.5,938496,2022,938496,0
akiapo/XC122401.ogg,akiapo,"['apapan', 'iiwi', 'warwhe1']",4.5,1750272,2022,1750272,4
akiapo/XC122693.ogg,akiapo,['apapan'],4.5,550656,2022,550656,3
akiapo/XC124705.ogg,akiapo,"['apapan', 'elepai', 'hawama', 'iiwi', 'omao', 'warwhe1']",3.5,7113216,2022,7113216,2
akiapo/XC124801.ogg,akiapo,"['apapan', 'hawama', 'iiwi', 'omao', 'warwhe1']",2.5,2377728,2022,2377728,1
akiapo/XC144826.ogg,akiapo,"['apapan', 'hawama', 'iiwi']",4.5,2305536,2022,2305536,4
akiapo/XC147003.ogg,akiapo,"['akepa1', 'apapan', 'hawcre', 'omao', 'warwhe1']",3.5,3681024,2022,3681024,0
akiapo/XC27355.ogg,akiapo,[],4.0,341891,2022,341891,2
akiapo/XC27374.ogg,akiapo,"['hawama', 'iiwi']",3.5,999758,2022,999758,1
akiapo/XC27376.ogg,akiapo,['iiwi'],2.5,2349767,2022,2349767,2
akiapo/XC306424.ogg,akiapo,[],5.0,957127,2022,957127,0
akiapo/XC385387.ogg,akiapo,['hawama'],4.5,406272,2022,406272,3
akiapo/XC648118.ogg,akiapo,['apapan'],3.5,488992,2022,488992,4
akiapo/XC648120.ogg,akiapo,[],4.0,98624,2022,98624,3
aniani/XC174949.ogg,aniani,['kauama'],3.5,167184,2022,167184,0
aniani/XC174952.ogg,aniani,"['apapan', 'kauama']",3.5,928705,2022,928705,1
aniani/XC174955.ogg,aniani,['apapan'],3.5,456411,2022,456411,2
aniani/XC210202.ogg,aniani,[],5.0,716382,2022,716382,1
aniani/XC210203.ogg,aniani,[],4.0,1346664,2022,1346664,4
aniani/XC210204.ogg,aniani,[],4.0,817528,2022,817528,3
aniani/XC210205.ogg,aniani,[],4.0,1405179,2022,1405179,0
aniani/XC210206.ogg,aniani,[],5.0,656196,2022,656196,2
aniani/XC256222.ogg,aniani,[],2.0,501551,2022,501551,4
aniani/XC27338.ogg,aniani,['iiwi'],4.5,4056712,2022,4056712,4
aniani/XC314503.ogg,aniani,[],0.0,2303791,2022,2303791,0
aniani/XC317139.ogg,aniani,[],4.0,669571,2022,669571,3
apapan/XC139974.ogg,apapan,[],4.0,2717571,2022,2717571,0
apapan/XC174948.ogg,apapan,['aniani'],3.5,1223784,2022,1223784,0
apapan/XC175215.ogg,apapan,['saffin'],3.5,458919,2022,458919,1
apapan/XC175225.ogg,apapan,"['spodov', 'zebdov']",3.5,2292924,2022,2292924,1
apapan/XC175230.ogg,apapan,[],5.0,4753032,2022,4753032,3
apapan/XC175233.ogg,apapan,['houfin'],3.5,458919,2022,458919,2
apapan/XC175507.ogg,apapan,['iiwi'],3.5,1310720,2022,1310720,4
apapan/XC175508.ogg,apapan,['iiwi'],3.5,313469,2022,313469,1
apapan/XC210193.ogg,apapan,[],4.0,449724,2022,449724,3
apapan/XC210194.ogg,apapan,[],5.0,804153,2022,804153,1
apapan/XC210195.ogg,apapan,[],4.0,362789,2022,362789,0
apapan/XC210197.ogg,apapan,[],5.0,1997009,2022,1997009,3
apapan/XC210198.ogg,apapan,[],4.0,1370070,2022,1370070,2
apapan/XC210199.ogg,apapan,[],5.0,1017313,2022,1017313,2
apapan/XC219958.ogg,apapan,[],5.0,1763788,2022,1763788,1
apapan/XC219959.ogg,apapan,['apapan'],4.5,1664313,2022,1664313,3
apapan/XC252590.ogg,apapan,[],4.0,1803076,2022,1803076,1
apapan/XC256220.ogg,apapan,[],2.0,1582393,2022,1582393,1
apapan/XC27308.ogg,apapan,[],4.0,468950,2022,468950,3
apapan/XC27317.ogg,apapan,['warwhe1'],3.5,2027938,2022,2027938,4
apapan/XC27318.ogg,apapan,[],5.0,337711,2022,337711,4
apapan/XC27327.ogg,apapan,"['hawama', 'iiwi', 'omao']",3.5,1540598,2022,1540598,2
apapan/XC27330.ogg,apapan,[],4.0,2086452,2022,2086452,4
apapan/XC27331.ogg,apapan,[],5.0,1106756,2022,1106756,3
apapan/XC27340.ogg,apapan,"['warwhe1', 'zebdov']",4.5,1703602,2022,1703602,2
apapan/XC27367.ogg,apapan,[],5.0,474802,2022,474802,1
apapan/XC27369.ogg,apapan,"['hawama', 'iiwi']",4.5,3335314,2022,3335314,1
apapan/XC314499.ogg,apapan,[],3.0,930377,2022,930377,4
apapan/XC326575.ogg,apapan,[],3.0,2454528,2022,2454528,3
apapan/XC326577.ogg,apapan,['iiwi'],2.5,3148800,2022,3148800,0
apapan/XC327341.ogg,apapan,[],4.0,608549,2022,608549,0
apapan/XC327355.ogg,apapan,[],3.0,3174144,2022,3174144,2
apapan/XC327362.ogg,apapan,['apapan'],3.5,3624542,2022,3624542,2
apapan/XC327363.ogg,apapan,[],4.0,1763328,2022,1763328,2
apapan/XC336995.ogg,apapan,[],3.0,812513,2022,812513,2
apapan/XC368428.ogg,apapan,['oahama'],2.5,279197,2022,279197,4
apapan/XC385165.ogg,apapan,[],5.0,5782272,2022,5782272,3
apapan/XC385295.ogg,apapan,[],4.0,3323904,2022,3323904,1
apapan/XC385332.ogg,apapan,[],4.0,2761728,2022,2761728,0
apapan/XC385474.ogg,apapan,[],4.0,199680,2022,199680,0
apapan/XC454885.ogg,apapan,[],5.0,1672673,2022,1672673,0
apapan/XC454887.ogg,apapan,['jabwar'],4.5,2515278,2022,2515278,2
apapan/XC503602.ogg,apapan,[],5.0,1332480,2022,1332480,4
apapan/XC503604.ogg,apapan,['redjun'],4.5,2485248,2022,2485248,4
apapan/XC503719.ogg,apapan,['hawama'],4.5,873504,2022,873504,4
apapan/XC503849.ogg,apapan,['iiwi'],4.5,3894528,2022,3894528,0
apapan/XC505432.ogg,apapan,[],5.0,1765482,2022,1765482,3
barpet/XC189893.ogg,barpet,[],2.0,693812,2022,693812,1
barpet/XC189894.ogg,barpet,[],3.0,223190,2022,223190,3
barpet/XC295060.ogg,barpet,[],4.0,6497593,2022,6497593,4
barpet/XC304615.ogg,barpet,[],3.5,987220,2022,987220,0
barpet/XC305567.ogg,barpet,[],2.0,450560,2022,450560,4
barpet/XC441955.ogg,barpet,[],5.0,113664,2022,113664,1
barpet/XC473562.ogg,barpet,[],4.0,917824,2022,917824,2
barpet/XC473563.ogg,barpet,[],2.0,2313792,2022,2313792,3
barpet/XC473564.ogg,barpet,[],3.5,1074976,2022,1074976,1
barpet/XC505278.ogg,barpet,[],5.0,3114365,2022,3114365,2
barpet/XC510489.ogg,barpet,[],5.0,1709568,2022,1709568,4
barpet/XC510711.ogg,barpet,[],5.0,1595136,2022,1595136,2
barpet/XC512736.ogg,barpet,[],0.0,1860864,2022,1860864,0
barpet/XC601885.ogg,barpet,[],5.0,240744,2022,240744,3
barpet/XC637020.ogg,barpet,[],5.0,10866432,2022,10866432,0
crehon/XC122341.ogg,crehon,"['apapan', 'hawama', 'mauala']",2.5,578304,2022,578304,2
crehon/XC122342.ogg,crehon,"['apapan', 'hawama', 'warwhe1']",1.5,3241728,2022,3241728,3
elepai/XC175246.ogg,elepai,"['hawama', 'houfin', 'skylar']",4.5,4641855,2022,4641855,0
elepai/XC175526.ogg,elepai,"['apapan', 'hawama']",3.5,751491,2022,751491,1
elepai/XC252700.ogg,elepai,[],4.0,1641744,2022,1641744,0
elepai/XC252703.ogg,elepai,['omao'],3.5,1558152,2022,1558152,3
elepai/XC252712.ogg,elepai,[],4.0,1524715,2022,1524715,2
elepai/XC27324.ogg,elepai,[],4.0,2145802,2022,2145802,3
elepai/XC27343.ogg,elepai,['warwhe1'],3.5,2976705,2022,2976705,1
elepai/XC27344.ogg,elepai,[],5.0,661211,2022,661211,2
elepai/XC27352.ogg,elepai,['apapan'],4.5,208980,2022,208980,1
elepai/XC27373.ogg,elepai,"['hawama', 'houfin']",3.5,2164193,2022,2164193,4
elepai/XC385134.ogg,elepai,[],4.0,2855424,2022,2855424,2
elepai/XC385168.ogg,elepai,[],3.0,250368,2022,250368,4
elepai/XC385495.ogg,elepai,[],4.0,172032,2022,172032,0
elepai/XC385556.ogg,elepai,[],4.0,363264,2022,363264,3
ercfra/XC210297.ogg,ercfra,[],4.0,526080,2022,526080,0
ercfra/XC252696.ogg,ercfra,[],5.0,71889,2022,71889,2
ercfra/XC252697.ogg,ercfra,[],5.0,413780,2022,413780,1
ercfra/XC267205.ogg,ercfra,[],4.0,470784,2022,470784,4
ercfra/XC410276.ogg,ercfra,[],5.0,311798,2022,311798,3
ercfra/XC410277.ogg,ercfra,[],5.0,601025,2022,601025,4
hawama/XC175238.ogg,hawama,['skylar'],3.5,820872,2022,820872,0
hawama/XC175242.ogg,hawama,[],5.0,445544,2022,445544,0
hawama/XC175515.ogg,hawama,"['apapan', 'iiwi']",4.5,617744,2022,617744,4
hawama/XC27322.ogg,hawama,[],4.0,1820630,2022,1820630,3
hawama/XC27323.ogg,hawama,['houfin'],4.5,1807256,2022,1807256,2
hawama/XC27345.ogg,hawama,[],4.0,1212918,2022,1212918,1
hawama/XC27350.ogg,hawama,[],5.0,191425,2022,191425,3
hawama/XC27371.ogg,hawama,"['apapan', 'iiwi']",3.5,2438374,2022,2438374,0
hawama/XC317147.ogg,hawama,['omao'],2.5,220682,2022,220682,1
hawama/XC326578.ogg,hawama,"['apapan', 'iiwi']",2.5,2703360,2022,2703360,4
hawama/XC326898.ogg,hawama,['apapan'],3.5,2144256,2022,2144256,3
hawama/XC327342.ogg,hawama,[],4.0,1206528,2022,1206528,1
hawama/XC327346.ogg,hawama,[],4.0,146688,2022,146688,2
hawama/XC384969.ogg,hawama,[],3.0,2776320,2022,2776320,4
hawama/XC384971.ogg,hawama,[],4.0,2104320,2022,2104320,2
hawama/XC385036.ogg,hawama,['iiwi'],2.5,541440,2022,541440,0
hawama/XC385389.ogg,hawama,"['apapan', 'omao']",3.5,862464,2022,862464,3
hawama/XC385475.ogg,hawama,[],3.0,79872,2022,79872,3
hawama/XC385478.ogg,hawama,[],3.0,101376,2022,101376,2
hawama/XC385479.ogg,hawama,[],3.0,328704,2022,328704,4
hawama/XC503722.ogg,hawama,['apapan'],4.5,1334944,2022,1334944,1
hawcre/XC122132.ogg,hawcre,"['apapan', 'hawama', 'iiwi', 'warwhe1']",3.5,3255552,2022,3255552,1
hawcre/XC122172.ogg,hawcre,"['apapan', 'omao']",3.5,1201152,2022,1201152,3
hawcre/XC122184.ogg,hawcre,"['apapan', 'hawama', 'iiwi', 'omao', 'warwhe1']",3.5,3816960,2022,3816960,3
hawcre/XC122284.ogg,hawcre,"['apapan', 'hawama', 'iiwi']",3.5,1092096,2022,1092096,2
hawcre/XC122396.ogg,hawcre,"['apapan', 'iiwi']",3.5,7778304,2022,7778304,2
hawcre/XC123390.ogg,hawcre,"['akepa1', 'apapan', 'hawama', 'iiwi', 'omao', 'warwhe1']",2.5,13474560,2022,13474560,4
hawcre/XC124608.ogg,hawcre,"['apapan', 'hawama', 'iiwi', 'warwhe1']",3.5,6481152,2022,6481152,0
hawcre/XC124793.ogg,hawcre,"['apapan', 'hawama', 'iiwi']",4.5,15112704,2022,15112704,2
hawcre/XC124797.ogg,hawcre,"['apapan', 'hawama', 'iiwi']",3.5,2890752,2022,2890752,3
hawcre/XC124802.ogg,hawcre,"['apapan', 'hawama', 'iiwi', 'omao']",1.5,987648,2022,987648,1
hawcre/XC127667.ogg,hawcre,"['apapan', 'iiwi', 'omao']",4.5,5470464,2022,5470464,4
hawcre/XC127668.ogg,hawcre,"['akepa1', 'apapan', 'elepai', 'hawama', 'iiwi', 'omao']",2.5,2187264,2022,2187264,2
hawcre/XC145607.ogg,hawcre,"['iiwi', 'omao']",3.5,822544,2022,822544,0
hawcre/XC147004.ogg,hawcre,"['akiapo', 'apapan', 'elepai', 'omao', 'warwhe1']",3.5,6525696,2022,6525696,0
hawcre/XC175491.ogg,hawcre,"['apapan', 'iiwi', 'omao']",2.5,974681,2022,974681,4
hawcre/XC175501.ogg,hawcre,"['apapan', 'hawama', 'iiwi']",3.5,1616666,2022,1616666,1
hawcre/XC175502.ogg,hawcre,"['apapan', 'hawama', 'iiwi']",3.5,2152490,2022,2152490,0
hawcre/XC27351.ogg,hawcre,['apapan'],3.5,1207902,2022,1207902,1
hawcre/XC27354.ogg,hawcre,['iiwi'],3.5,1003938,2022,1003938,4
hawcre/XC27370.ogg,hawcre,"['apapan', 'iiwi']",2.5,697992,2022,697992,3
hawgoo/XC210216.ogg,hawgoo,['bknsti'],2.5,1294002,2022,1294002,2
hawgoo/XC210217.ogg,hawgoo,[],5.0,326008,2022,326008,3
hawgoo/XC252701.ogg,hawgoo,[],3.0,305946,2022,305946,2
hawgoo/XC314509.ogg,hawgoo,[],5.0,288392,2022,288392,0
hawgoo/XC314510.ogg,hawgoo,[],5.0,1078335,2022,1078335,1
hawgoo/XC314511.ogg,hawgoo,[],4.0,1292330,2022,1292330,4
hawgoo/XC326899.ogg,hawgoo,[],3.0,1686528,2022,1686528,0
hawgoo/XC503262.ogg,hawgoo,[],4.5,529952,2022,529952,1
hawgoo/XC613768.ogg,hawgoo,[],3.0,385358,2022,385358,3
hawhaw/XC124707.ogg,hawhaw,"['apapan', 'omao', 'warwhe1']",3.5,8146944,2022,8146944,4
hawhaw/XC410136.ogg,hawhaw,['iiwi'],2.5,315977,2022,315977,0
hawhaw/XC648121.ogg,hawhaw,[],3.0,165504,2022,165504,1
hawpet1/XC328230.ogg,hawpet1,[],3.0,320256,2022,320256,4
hawpet1/XC328234.ogg,hawpet1,[],3.0,1681152,2022,1681152,2
hawpet1/XC75584.ogg,hawpet1,[],2.0,3265933,2022,3265933,3
houfin/XC11463.ogg,houfin,[],2.0,196058,2021,196058,3
houfin/XC124078.ogg,houfin,"['houspa', 'amegfi', 'amecro']",4.5,6337184,2021,6337184,0
houfin/XC124430.ogg,houfin,[],4.0,1600160,2021,1600160,2
houfin/XC127246.ogg,houfin,['grtgra'],3.5,583088,2021,583088,4
houfin/XC135065.ogg,houfin,[],4.0,1196652,2021,1196652,4
houfin/XC139819.ogg,houfin,[],3.0,544160,2021,544160,3
houfin/XC140490.ogg,houfin,[],4.0,938354,2021,938354,2
houfin/XC140492.ogg,houfin,[],3.0,748600,2021,748600,1
houfin/XC140991.ogg,houfin,[],4.0,355719,2021,355719,3
houfin/XC141470.ogg,houfin,[],5.0,1109717,2021,1109717,2
houfin/XC141478.ogg,houfin,[],4.0,1122256,2021,1122256,0
houfin/XC141479.ogg,houfin,[],4.0,369929,2021,369929,0
houfin/XC145565.ogg,houfin,[],3.0,1265312,2021,1265312,3
houfin/XC163050.ogg,houfin,[],3.0,20362589,2021,20362589,1
houfin/XC163051.ogg,houfin,[],4.0,3150194,2021,3150194,0
houfin/XC163052.ogg,houfin,[],2.0,4007010,2021,4007010,1
houfin/XC163632.ogg,houfin,[],3.0,721015,2021,721015,3
houfin/XC163971.ogg,houfin,[],3.0,511199,2021,511199,2
houfin/XC164308.ogg,houfin,[],4.0,2540809,2021,2540809,1
houfin/XC168580.ogg,houfin,[],5.0,1585355,2021,1585355,2
houfin/XC169187.ogg,houfin,[],4.0,2863474,2021,2863474,1
houfin/XC169811.ogg,houfin,[],4.0,505348,2021,505348,2
houfin/XC171104.ogg,houfin,[],4.0,881312,2021,881312,4
houfin/XC172396.ogg,houfin,"['whbnut', 'bkcchi', 'amecro', 'ribgul']",3.5,3520506,2021,3520506,4
houfin/XC172419.ogg,houfin,"['amerob', 'amecro']",3.5,3112352,2021,3112352,1
houfin/XC174827.ogg,houfin,[],3.5,1076280,2021,1076280,2
houfin/XC175517.ogg,houfin,[],3.5,1152349,2021,1152349,2
houfin/XC177292.ogg,houfin,[],4.0,104490,2022,104490,1
houfin/XC179232.ogg,houfin,"['amecro', 'sonspa', 'mallar3']",4.5,6312608,2021,6312608,4
houfin/XC185193.ogg,houfin,[],5.0,1308666,2021,1308666,3
houfin/XC186484.ogg,houfin,"['norcar', 'tuftit']",2.5,1742507,2021,1742507,3
houfin/XC188371.ogg,houfin,[],5.0,4042955,2021,4042955,4
houfin/XC188373.ogg,houfin,[],5.0,2272479,2021,2272479,4
houfin/XC191953.ogg,houfin,['moudov'],3.5,147122,2022,147122,0
houfin/XC196677.ogg,houfin,"['houspa', 'wewpew']",3.5,611744,2021,611744,4
houfin/XC201428.ogg,houfin,[],5.0,623264,2021,623264,0
houfin/XC211060.ogg,houfin,[],1.0,346523,2021,346523,2
houfin/XC212099.ogg,houfin,[],5.0,569504,2021,569504,1
houfin/XC215242.ogg,houfin,"['norcar', 'bkcchi']",1.5,702625,2021,702625,3
houfin/XC216180.ogg,houfin,[],4.0,800427,2021,800427,2
houfin/XC219331.ogg,houfin,[],5.0,5352608,2021,5352608,0
houfin/XC219332.ogg,houfin,['annhum'],4.5,2055584,2021,2055584,1
houfin/XC219338.ogg,houfin,"['lesgol', 'houfin', 'calqua', 'acowoo', 'comrav', 'houwre']",3.5,2253728,2021,2253728,2
houfin/XC219339.ogg,houfin,"['acowoo', 'whbnut', 'oaktit']",4.5,1435808,2021,1435808,4
houfin/XC219340.ogg,houfin,"['acowoo', 'pygnut']",4.5,3388832,2021,3388832,4
houfin/XC219341.ogg,houfin,"['amecro', 'osprey', 'y00475']",3.5,856736,2021,856736,2
houfin/XC219342.ogg,houfin,[],4.0,349856,2021,349856,0
houfin/XC219345.ogg,houfin,[],4.0,7789472,2021,7789472,0
houfin/XC219346.ogg,houfin,[],4.0,1189280,2021,1189280,4
houfin/XC219347.ogg,houfin,[],4.0,3821984,2021,3821984,4
houfin/XC219349.ogg,houfin,"['bushti', 'caskin', 'amecro', 'amegfi', 'wesmea']",4.5,2526368,2021,2526368,2
houfin/XC219350.ogg,houfin,[],5.0,2405024,2021,2405024,1
houfin/XC219351.ogg,houfin,[],4.0,1764512,2021,1764512,4
houfin/XC219354.ogg,houfin,[],3.0,855968,2021,855968,3
houfin/XC219355.ogg,houfin,['bushti'],3.5,459680,2021,459680,2
houfin/XC219356.ogg,houfin,[],4.0,1114784,2021,1114784,3
houfin/XC219357.ogg,houfin,[],4.0,1097120,2021,1097120,2
houfin/XC219358.ogg,houfin,[],5.0,336032,2021,336032,2
houfin/XC219762.ogg,houfin,[],4.0,1058720,2021,1058720,0
houfin/XC219792.ogg,houfin,['whwdov'],3.5,1730720,2021,1730720,0
houfin/XC219819.ogg,houfin,['bkhgro'],3.5,455840,2021,455840,4
houfin/XC219892.ogg,houfin,['amecro'],3.5,2860448,2021,2860448,2
houfin/XC233711.ogg,houfin,[],4.5,611744,2021,611744,1
houfin/XC233715.ogg,houfin,[],3.0,552159,2021,552159,3
houfin/XC233716.ogg,houfin,[],3.0,213612,2021,213612,0
houfin/XC243791.ogg,houfin,[],3.0,503676,2021,503676,0
houfin/XC252731.ogg,houfin,[],5.0,1198324,2021,1198324,4
houfin/XC254072.ogg,houfin,[],5.0,1446592,2021,1446592,1
houfin/XC254547.ogg,houfin,[],5.0,836372,2021,836372,3
houfin/XC254548.ogg,houfin,[],5.0,1169067,2021,1169067,0
houfin/XC254556.ogg,houfin,"['clcrob', 'grekis']",4.5,3125116,2021,3125116,2
houfin/XC261400.ogg,houfin,[],5.0,630736,2021,630736,3
houfin/XC261403.ogg,houfin,[],4.0,885691,2021,885691,3
houfin/XC267339.ogg,houfin,[],3.0,448506,2021,448506,1
houfin/XC268457.ogg,houfin,"['incdov', 'moudov', 'whwdov', 'houfin', 'gilwoo', 'yebcha']",4.5,4450047,2021,4450047,2
houfin/XC268458.ogg,houfin,"['moudov', 'norcar', 'incdov', 'gamqua', 'verdin', 'bewwre']",4.5,6080088,2021,6080088,0
houfin/XC268460.ogg,houfin,"['moudov', 'whwdov', 'lucwar', 'belvir', 'cogdov', 'bewwre']",3.5,2926168,2021,2926168,2
houfin/XC268461.ogg,houfin,['whwdov'],3.5,229495,2021,229495,3
houfin/XC268462.ogg,houfin,"['whwdov', 'cacwre', 'gamqua', 'bulori']",4.5,3480381,2021,3480381,0
houfin/XC268463.ogg,houfin,"['labwoo', 'gamqua', 'whwdov', 'bnhcow', 'bncfly', 'cacwre', 'acowoo', 'bkhgro']",4.5,8320349,2021,8320349,3
houfin/XC268464.ogg,houfin,"['moudov', 'cacwre', 'gamqua', 'bncfly', 'caskin', 'bulori', 'lucwar']",4.5,13066693,2021,13066693,1
houfin/XC268465.ogg,houfin,"['whwdov', 'bncfly', 'gamqua', 'lucwar', 'acowoo']",4.5,7104923,2021,7104923,1
houfin/XC284022.ogg,houfin,"['gilwoo', 'verdin', 'astfly']",3.5,413850,2021,413850,3
houfin/XC284023.ogg,houfin,"['verdin', 'astfly']",3.5,250010,2021,250010,0
houfin/XC286429.ogg,houfin,[],2.0,902048,2021,902048,3
houfin/XC289014.ogg,houfin,"['incdov', 'houspa']",3.5,1894644,2021,1894644,3
houfin/XC289016.ogg,houfin,[],4.0,2733906,2021,2733906,0
houfin/XC289017.ogg,houfin,['larspa'],4.5,1216715,2021,1216715,4
houfin/XC290012.ogg,houfin,[],3.0,653984,2021,653984,0
houfin/XC292759.ogg,houfin,[],4.0,51827,2022,51827,0
houfin/XC296753.ogg,houfin,"['wlswar', 'bkhgro']",3.5,675488,2021,675488,2
houfin/XC301685.ogg,houfin,[],5.0,1008571,2021,1008571,3
houfin/XC305403.ogg,houfin,[],5.0,197730,2021,197730,1
houfin/XC305409.ogg,houfin,[],5.0,811294,2021,811294,0
houfin/XC306114.ogg,houfin,[],4.0,101146,2022,101146,2
houfin/XC306933.ogg,houfin,[],5.0,1425694,2021,1425694,2
houfin/XC306934.ogg,houfin,[],5.0,2890223,2021,2890223,4
houfin/XC306935.ogg,houfin,[],5.0,2213129,2021,2213129,2
houfin/XC306936.ogg,houfin,['houspa'],4.5,1047023,2021,1047023,3
houfin/XC306937.ogg,houfin,['houspa'],4.5,343180,2021,343180,4
houfin/XC307684.ogg,houfin,[],5.0,2628396,2021,2628396,1
houfin/XC307811.ogg,houfin,"['blujay', 'eastow']",4.5,801263,2021,801263,0
houfin/XC307866.ogg,houfin,"['houfin', 'annhum']",3.5,3312362,2021,3312362,0
houfin/XC309624.ogg,houfin,"['houspa', 'rewbla']",4.5,1215606,2021,1215606,0
houfin/XC310071.ogg,houfin,"['sonspa', 'comgra', 'moudov', 'houspa', 'tuftit', 'rewbla', 'bnhcow']",3.5,764576,2021,764576,1
houfin/XC310666.ogg,houfin,"['daejun', 'bkbmag1', 'eucdov']",4.5,1092999,2021,1092999,2
houfin/XC310667.ogg,houfin,"['eucdov', 'spotow']",3.5,723523,2021,723523,4
houfin/XC311715.ogg,houfin,[],4.0,647454,2021,647454,3
houfin/XC311858.ogg,houfin,[],5.0,825505,2021,825505,2
houfin/XC312959.ogg,houfin,[],4.0,2474394,2021,2474394,3
houfin/XC314416.ogg,houfin,['houspa'],4.5,1897152,2021,1897152,2
houfin/XC314417.ogg,houfin,['houspa'],4.5,1900496,2021,1900496,4
houfin/XC317879.ogg,houfin,[],3.0,1326220,2021,1326220,3
houfin/XC319140.ogg,houfin,[],5.0,581792,2021,581792,4
houfin/XC319439.ogg,houfin,[],5.0,1813560,2021,1813560,3
houfin/XC319598.ogg,houfin,['houspa'],2.5,2844248,2021,2844248,4
houfin/XC320727.ogg,houfin,[],4.0,3971901,2021,3971901,1
houfin/XC322498.ogg,houfin,"['amerob', 'cedwax', 'norcar']",1.5,1242628,2021,1242628,0
houfin/XC323531.ogg,houfin,"['houspa', 'incdov']",3.5,986837,2021,986837,2
houfin/XC324075.ogg,houfin,['whwdov'],3.5,630944,2021,630944,2
houfin/XC324313.ogg,houfin,[],4.0,664172,2021,664172,2
houfin/XC326408.ogg,houfin,[],5.0,973462,2021,973462,4
houfin/XC327344.ogg,houfin,[],4.0,723872,2021,723872,1
houfin/XC327345.ogg,houfin,[],3.0,2501792,2021,2501792,2
houfin/XC327553.ogg,houfin,"['cogdov', 'incdov']",4.5,810458,2021,810458,4
houfin/XC327634.ogg,houfin,[],4.0,1185786,2021,1185786,1
houfin/XC328235.ogg,houfin,[],5.0,1971104,2021,1971104,4
houfin/XC329331.ogg,houfin,[],4.0,162144,2022,162144,3
houfin/XC329768.ogg,houfin,[],4.0,736897,2021,736897,2
houfin/XC329769.ogg,houfin,[],4.0,875660,2021,875660,4
houfin/XC339890.ogg,houfin,[],4.0,128731,2022,128731,4
houfin/XC345545.ogg,houfin,[],4.0,708476,2021,708476,0
houfin/XC345546.ogg,houfin,"['amegfi', 'houwre', 'leafly']",3.5,919963,2021,919963,4
houfin/XC345547.ogg,houfin,"['daejun', 'houspa']",3.5,656649,2021,656649,1
houfin/XC345548.ogg,houfin,['houwre'],3.5,2431304,2021,2431304,2
houfin/XC347975.ogg,houfin,"['caskin', 'moudov']",3.5,3640878,2021,3640878,4
houfin/XC347978.ogg,houfin,"['caskin', 'moudov', 'calqua']",3.5,1716594,2021,1716594,4
houfin/XC351450.ogg,houfin,['daejun'],3.5,233675,2021,233675,0
houfin/XC351451.ogg,houfin,[],1.5,147104,2022,147104,1
houfin/XC353016.ogg,houfin,"['whwdov', 'normoc', 'houspa']",3.5,4142429,2021,4142429,0
houfin/XC353018.ogg,houfin,"['whwdov', 'grtgra', 'normoc']",4.5,4363947,2021,4363947,3
houfin/XC353019.ogg,houfin,['houspa'],3.5,889870,2021,889870,0
houfin/XC358850.ogg,houfin,[],5.0,1006496,2021,1006496,1
houfin/XC361756.ogg,houfin,[],4.0,897440,2021,897440,3
houfin/XC362333.ogg,houfin,"['gbwwre1', 'sltred']",1.5,4315464,2021,4315464,1
houfin/XC363567.ogg,houfin,[],3.0,753824,2021,753824,0
houfin/XC365390.ogg,houfin,['houspa'],3.5,982657,2021,982657,3
houfin/XC366388.ogg,houfin,[],4.0,401694,2021,401694,4
houfin/XC373392.ogg,houfin,[],3.0,162048,2022,162048,0
houfin/XC37393.ogg,houfin,[],4.0,1612940,2021,1612940,0
houfin/XC376760.ogg,houfin,['chispa'],4.5,1018602,2021,1018602,1
houfin/XC378922.ogg,houfin,[],5.0,2101952,2021,2101952,2
houfin/XC383780.ogg,houfin,[],5.0,5146367,2021,5146367,0
houfin/XC383989.ogg,houfin,"['houspa', 'whwdov']",3.5,2068515,2021,2068515,4
houfin/XC388465.ogg,houfin,"['haiwoo', 'whtspa']",3.5,745709,2021,745709,3
houfin/XC404732.ogg,houfin,[],4.0,379808,2021,379808,2
houfin/XC410513.ogg,houfin,[],5.0,1719937,2021,1719937,3
houfin/XC412395.ogg,houfin,"['yebcha', 'blujay', 'norcar', 'carwre', 'indbun']",3.5,1012367,2021,1012367,1
houfin/XC413336.ogg,houfin,"['norcar', 'comgra']",3.5,5964704,2021,5964704,0
houfin/XC415920.ogg,houfin,[],3.0,832928,2021,832928,4
houfin/XC415921.ogg,houfin,[],3.0,728480,2021,728480,0
houfin/XC416152.ogg,houfin,[],4.0,831392,2021,831392,4
houfin/XC416530.ogg,houfin,['bkbmag1'],3.5,2205344,2021,2205344,2
houfin/XC417550.ogg,houfin,[],5.0,1217550,2021,1217550,4
houfin/XC418251.ogg,houfin,['lesgol'],3.5,1615520,2021,1615520,0
houfin/XC419927.ogg,houfin,[],4.0,1098850,2021,1098850,2
houfin/XC423324.ogg,houfin,[],5.0,1257675,2021,1257675,2
houfin/XC423359.ogg,houfin,[],5.0,567206,2021,567206,0
houfin/XC428722.ogg,houfin,['lesgol'],4.5,642439,2021,642439,3
houfin/XC436837.ogg,houfin,[],0.0,1515680,2021,1515680,3
houfin/XC440008.ogg,houfin,['astfly'],0.0,1157024,2021,1157024,4
houfin/XC440009.ogg,houfin,"['amecro', 'eucdov']",0.0,1080460,2021,1080460,1
houfin/XC441200.ogg,houfin,"['trokin', 'whwdov']",4.5,3680166,2021,3680166,4
houfin/XC441202.ogg,houfin,['whwdov'],4.5,3566481,2021,3566481,4
houfin/XC442301.ogg,houfin,[],4.0,2714528,2021,2714528,0
houfin/XC448959.ogg,houfin,[],5.0,1246880,2021,1246880,4
houfin/XC452120.ogg,houfin,[],4.0,2263712,2021,2263712,3
houfin/XC456752.ogg,houfin,[],4.0,2951072,2021,2951072,1
houfin/XC459051.ogg,houfin,[],5.0,114496,2022,114496,0
houfin/XC460092.ogg,houfin,[],3.0,377504,2021,377504,2
houfin/XC460093.ogg,houfin,[],3.0,480416,2021,480416,0
houfin/XC461748.ogg,houfin,['amerob'],3.5,2338976,2021,2338976,4
houfin/XC463256.ogg,houfin,[],4.0,308907,2021,308907,4
houfin/XC465308.ogg,houfin,[],3.5,3044032,2021,3044032,4
houfin/XC465310.ogg,houfin,[],3.5,6806501,2021,6806501,3
houfin/XC465583.ogg,houfin,['orcwar'],3.5,2206442,2021,2206442,1
houfin/XC465584.ogg,houfin,"['labwoo', 'whwdov']",3.5,2250746,2021,2250746,0
houfin/XC465585.ogg,houfin,"['whwdov', 'verdin', 'cacwre']",3.5,2462233,2021,2462233,3
houfin/XC465793.ogg,houfin,"['amecro', 'amerob']",0.0,696773,2021,696773,4
houfin/XC466133.ogg,houfin,"['norcar', 'rebwoo', 'amerob', 'rewbla']",3.5,2375840,2021,2375840,2
houfin/XC466481.ogg,houfin,[],5.0,1091327,2021,1091327,1
houfin/XC466484.ogg,houfin,['houspa'],4.5,426772,2021,426772,1
houfin/XC468779.ogg,houfin,[],5.0,1460384,2021,1460384,0
houfin/XC469591.ogg,houfin,[],5.0,4608999,2021,4608999,1
houfin/XC471147.ogg,houfin,[],5.0,844731,2021,844731,1
houfin/XC478032.ogg,houfin,"['amerob', 'bkcchi']",2.5,3344127,2021,3344127,2
houfin/XC479585.ogg,houfin,[],4.0,692594,2021,692594,4
houfin/XC480078.ogg,houfin,['houspa'],3.5,420084,2021,420084,2
houfin/XC481875.ogg,houfin,[],5.0,3180704,2021,3180704,2
houfin/XC481935.ogg,houfin,"['bushti', 'pasfly', 'yebcha', 'sonspa']",4.5,2595488,2021,2595488,3
houfin/XC483748.ogg,houfin,"['yebcha', 'belvir', 'caltow', 'wrenti']",3.5,1506464,2021,1506464,0
houfin/XC483967.ogg,houfin,[],5.0,448928,2021,448928,1
houfin/XC488436.ogg,houfin,['houspa'],3.5,332960,2021,332960,1
houfin/XC488437.ogg,houfin,['houspa'],3.5,422048,2021,422048,1
houfin/XC492207.ogg,houfin,[],0.0,3104672,2021,3104672,0
houfin/XC492812.ogg,houfin,[],0.0,845984,2021,845984,1
houfin/XC493111.ogg,houfin,[],5.0,964256,2021,964256,2
houfin/XC493304.ogg,houfin,[],4.0,881511,2021,881511,2
houfin/XC493322.ogg,houfin,"['norcar', 'rewbla']",3.5,867301,2021,867301,3
houfin/XC497555.ogg,houfin,"['whwdov', 'grtgra', 'socfly1', 'houspa']",3.5,3678368,2021,3678368,3
houfin/XC498247.ogg,houfin,[],5.0,1779872,2021,1779872,4
houfin/XC499796.ogg,houfin,"['tuftit', 'blujay']",4.5,1149344,2021,1149344,1
houfin/XC500927.ogg,houfin,"['blujay', 'comgra']",4.5,1469600,2021,1469600,0
houfin/XC508470.ogg,houfin,"['foxspa', 'amegfi', 'whtspa', 'rebwoo']",3.5,1684640,2021,1684640,3
houfin/XC510713.ogg,houfin,[],5.0,839840,2021,839840,3
houfin/XC520553.ogg,houfin,"['cacwre', 'moudov', 'cubthr']",0.0,869792,2021,869792,2
houfin/XC525886.ogg,houfin,[],4.0,1538720,2021,1538720,3
houfin/XC530765.ogg,houfin,[],5.0,1297568,2021,1297568,1
houfin/XC531574.ogg,houfin,[],0.0,862285,2021,862285,3
houfin/XC531575.ogg,houfin,[],0.0,91115,2022,91115,1
houfin/XC531576.ogg,houfin,[],0.0,174707,2022,174707,2
houfin/XC534152.ogg,houfin,['houspa'],3.5,1775264,2021,1775264,3
houfin/XC534170.ogg,houfin,['houspa'],3.5,1699232,2021,1699232,2
houfin/XC53840.ogg,houfin,"['carchi', 'bnhcow', 'carwre']",2.5,803771,2021,803771,3
houfin/XC539421.ogg,houfin,"['bewwre', 'bkcchi', 'amerob']",4.5,674720,2021,674720,2
houfin/XC539749.ogg,houfin,[],5.0,1410648,2021,1410648,3
houfin/XC539750.ogg,houfin,[],5.0,507020,2021,507020,2
houfin/XC539921.ogg,houfin,[],4.0,500384,2021,500384,1
houfin/XC539923.ogg,houfin,[],4.0,1832864,2021,1832864,0
houfin/XC541408.ogg,houfin,[],5.0,662501,2021,662501,2
houfin/XC541409.ogg,houfin,"['grekis', 'houspa']",4.5,677547,2021,677547,1
houfin/XC544463.ogg,houfin,[],5.0,763808,2021,763808,1
houfin/XC546187.ogg,houfin,['houspa'],4.5,3158553,2021,3158553,1
houfin/XC549237.ogg,houfin,[],5.0,175104,2022,175104,4
houfin/XC550903.ogg,houfin,[],5.0,962720,2021,962720,0
houfin/XC550963.ogg,houfin,"['bkbmag1', 'pinsis']",4.5,1461152,2021,1461152,3
houfin/XC550964.ogg,houfin,"['bkbmag1', 'casfin']",4.5,1737632,2021,1737632,4
houfin/XC554635.ogg,houfin,['eucdov'],3.5,380796,2021,380796,0
houfin/XC554913.ogg,houfin,[],5.0,766155,2021,766155,4
houfin/XC555497.ogg,houfin,[],5.0,346523,2021,346523,1
houfin/XC555498.ogg,houfin,[],4.0,830520,2021,830520,1
houfin/XC555499.ogg,houfin,[],4.0,788724,2021,788724,1
houfin/XC555500.ogg,houfin,[],4.0,614853,2021,614853,1
houfin/XC555504.ogg,houfin,[],5.0,3130132,2021,3130132,0
houfin/XC559015.ogg,houfin,['bnhcow'],4.5,3255200,2021,3255200,1
houfin/XC559567.ogg,houfin,[],5.0,963431,2021,963431,4
houfin/XC560490.ogg,houfin,"['whwdov', 'bnhcow', 'labwoo']",3.5,700832,2021,700832,1
houfin/XC561882.ogg,houfin,[],4.0,416358,2021,416358,4
houfin/XC563039.ogg,houfin,[],4.0,438475,2021,438475,1
houfin/XC564235.ogg,houfin,[],4.0,1405856,2021,1405856,0
houfin/XC566136.ogg,houfin,['bewwre'],4.5,1877090,2021,1877090,1
houfin/XC567667.ogg,houfin,[],3.0,3665955,2021,3665955,2
houfin/XC568773.ogg,houfin,[],3.0,416741,2021,416741,0
houfin/XC568780.ogg,houfin,[],3.0,364914,2021,364914,0
houfin/XC569593.ogg,houfin,[],5.0,136704,2022,136704,2
houfin/XC569976.ogg,houfin,"['acowoo', 'calqua']",4.5,2349728,2021,2349728,4
houfin/XC569979.ogg,houfin,['lesgol'],4.5,2345120,2021,2345120,2
houfin/XC569982.ogg,houfin,['lesgol'],4.5,2567072,2021,2567072,1
houfin/XC570547.ogg,houfin,[],4.0,980150,2021,980150,1
houfin/XC570952.ogg,houfin,[],5.0,763040,2021,763040,3
houfin/XC571042.ogg,houfin,[],5.0,1497248,2021,1497248,4
houfin/XC572043.ogg,houfin,['grtgra'],4.5,1952323,2021,1952323,0
houfin/XC572692.ogg,houfin,[],5.0,1253792,2021,1253792,4
houfin/XC573017.ogg,houfin,[],5.0,169664,2022,169664,3
houfin/XC573018.ogg,houfin,[],4.0,143776,2022,143776,3
houfin/XC573019.ogg,houfin,[],4.0,86080,2022,86080,3
houfin/XC573131.ogg,houfin,[],4.0,168192,2022,168192,2
houfin/XC576356.ogg,houfin,['lesgol'],4.5,1027797,2021,1027797,0
houfin/XC577121.ogg,houfin,[],4.0,1376672,2021,1376672,2
houfin/XC577669.ogg,houfin,[],3.0,813739,2021,813739,4
houfin/XC579294.ogg,houfin,"['incdov', 'bewwre']",4.5,1226746,2021,1226746,4
houfin/XC579296.ogg,houfin,"['houspa', 'grekis']",4.5,5927115,2021,5927115,3
houfin/XC583810.ogg,houfin,['eucdov'],4.5,2368160,2021,2368160,4
houfin/XC583811.ogg,houfin,"['moudov', 'belvir', 'normoc', 'gilwoo']",4.5,5782688,2021,5782688,4
houfin/XC583812.ogg,houfin,"['gamqua', 'moudov']",4.5,3172256,2021,3172256,0
houfin/XC58462.ogg,houfin,['amerob'],2.5,851418,2021,851418,1
houfin/XC58463.ogg,houfin,['amerob'],2.5,275470,2021,275470,1
houfin/XC584860.ogg,houfin,[],5.0,741536,2021,741536,3
houfin/XC584861.ogg,houfin,['lesgol'],4.5,940448,2021,940448,0
houfin/XC585267.ogg,houfin,[],4.0,762811,2021,762811,2
houfin/XC586467.ogg,houfin,[],4.0,1513376,2021,1513376,4
houfin/XC598466.ogg,houfin,[],5.0,2227184,2021,2227184,0
houfin/XC607833.ogg,houfin,[],5.0,784544,2021,784544,4
houfin/XC608503.ogg,houfin,[],4.0,2315936,2021,2315936,1
houfin/XC609116.ogg,houfin,[],4.0,1110176,2021,1110176,3
houfin/XC612571.ogg,houfin,[],3.5,1370523,2021,1370523,4
houfin/XC612573.ogg,houfin,[],5.0,783709,2021,783709,1
houfin/XC612575.ogg,houfin,['lesgol'],3.5,435131,2021,435131,1
houfin/XC617984.ogg,houfin,[],4.0,1110176,2021,1110176,2
houfin/XC620763.ogg,houfin,[],4.0,1496832,2022,1496832,0
houfin/XC621697.ogg,houfin,"['gamqua', 'moudov', 'normoc']",3.5,3910656,2022,3910656,4
houfin/XC621698.ogg,houfin,['gamqua'],3.5,6005238,2022,6005238,0
houfin/XC622745.ogg,houfin,[],5.0,414616,2022,414616,3
houfin/XC622942.ogg,houfin,[],2.0,343562,2022,343562,3
houfin/XC625844.ogg,houfin,[],5.0,1761024,2022,1761024,2
houfin/XC626211.ogg,houfin,[],4.0,249104,2022,249104,2
houfin/XC628187.ogg,houfin,[],4.0,2108992,2022,2108992,0
houfin/XC634984.ogg,houfin,[],4.5,2132428,2022,2132428,2
houfin/XC636179.ogg,houfin,[],5.0,2486857,2022,2486857,4
houfin/XC636434.ogg,houfin,['houspa'],4.5,3059461,2022,3059461,1
houfin/XC637197.ogg,houfin,['houspa'],2.5,799138,2022,799138,0
houfin/XC638236.ogg,houfin,[],4.5,1436108,2022,1436108,1
houfin/XC638608.ogg,houfin,[],4.5,1202688,2022,1202688,2
houfin/XC639309.ogg,houfin,[],4.0,2145792,2022,2145792,3
houfin/XC641549.ogg,houfin,[],4.5,757342,2022,757342,3
houfin/XC653352.ogg,houfin,[],5.0,558393,2022,558393,0
houfin/XC654389.ogg,houfin,[],4.5,1574870,2022,1574870,4
houfin/XC65765.ogg,houfin,"['whwdov', 'houspa']",4.5,3320721,2021,3320721,0
houfin/XC657975.ogg,houfin,[],5.0,285024,2022,285024,1
houfin/XC658899.ogg,houfin,[],4.0,1373414,2022,1373414,3
houfin/XC658900.ogg,houfin,[],5.0,1030687,2022,1030687,3
houfin/XC660552.ogg,houfin,[],3.5,1959168,2022,1959168,0
houfin/XC660910.ogg,houfin,[],4.5,3457536,2022,3457536,3
houfin/XC660911.ogg,houfin,['calqua'],4.5,672768,2022,672768,4
houfin/XC660912.ogg,houfin,[],3.5,3783168,2022,3783168,3
houfin/XC661725.ogg,houfin,[],4.5,2445312,2022,2445312,2
houfin/XC661726.ogg,houfin,[],2.5,1153536,2022,1153536,2
houfin/XC70208.ogg,houfin,[],5.0,5121289,2021,5121289,1
houfin/XC70306.ogg,houfin,[],4.0,1069593,2021,1069593,0
houfin/XC70684.ogg,houfin,[],4.0,1706563,2021,1706563,3
houfin/XC70685.ogg,houfin,[],4.0,416741,2021,416741,3
houfin/XC99546.ogg,houfin,"['amerob', 'rewbla']",4.5,1872075,2021,1872075,1
iiwi/XC113329.ogg,iiwi,['apapan'],3.5,1145208,2022,1145208,3
iiwi/XC157360.ogg,iiwi,"['apapan', 'hawama', 'omao']",4.5,1449482,2022,1449482,4
iiwi/XC175504.ogg,iiwi,"['apapan', 'hawama']",3.5,1536418,2022,1536418,0
iiwi/XC210207.ogg,iiwi,[],3.0,814184,2022,814184,2
iiwi/XC219960.ogg,iiwi,['apapan'],4.5,3082031,2022,3082031,0
iiwi/XC256225.ogg,iiwi,[],3.0,377835,2022,377835,0
iiwi/XC27307.ogg,iiwi,['apapan'],3.5,1044062,2022,1044062,2
iiwi/XC27314.ogg,iiwi,['warwhe1'],4.5,1808091,2022,1808091,3
iiwi/XC27325.ogg,iiwi,['apapan'],4.5,1363383,2022,1363383,1
iiwi/XC27326.ogg,iiwi,"['apapan', 'hawama']",3.5,3739899,2022,3739899,4
iiwi/XC27335.ogg,iiwi,[],4.0,345234,2022,345234,2
iiwi/XC27346.ogg,iiwi,"['apapan', 'hawama', 'warwhe1']",3.5,2749336,2022,2749336,4
iiwi/XC27347.ogg,iiwi,['hawama'],4.5,607713,2022,607713,1
iiwi/XC27349.ogg,iiwi,[],5.0,222354,2022,222354,3
iiwi/XC27365.ogg,iiwi,[],4.5,1708617,2022,1708617,1
iiwi/XC27366.ogg,iiwi,['kauama'],4.5,973009,2022,973009,2
iiwi/XC27377.ogg,iiwi,['omao'],4.5,1603291,2022,1603291,3
iiwi/XC317140.ogg,iiwi,[],3.5,1636728,2022,1636728,3
iiwi/XC326574.ogg,iiwi,[],4.0,1032960,2022,1032960,1
iiwi/XC326576.ogg,iiwi,[],5.0,270838,2022,270838,4
iiwi/XC326579.ogg,iiwi,['houfin'],3.5,1543680,2022,1543680,2
iiwi/XC327339.ogg,iiwi,[],4.0,148793,2022,148793,1
iiwi/XC327343.ogg,iiwi,[],3.0,2747904,2022,2747904,0
iiwi/XC327358.ogg,iiwi,['apapan'],3.5,1409280,2022,1409280,0
iiwi/XC327360.ogg,iiwi,[],4.0,4147968,2022,4147968,3
iiwi/XC327361.ogg,iiwi,['apapan'],3.5,1078335,2022,1078335,0
iiwi/XC327825.ogg,iiwi,[],5.0,6785280,2022,6785280,4
iiwi/XC327827.ogg,iiwi,[],4.0,6237696,2022,6237696,2
iiwi/XC384959.ogg,iiwi,[],5.0,2401536,2022,2401536,3
iiwi/XC384960.ogg,iiwi,[],4.0,3493632,2022,3493632,4
iiwi/XC385038.ogg,iiwi,"['hawama', 'iiwi', 'warwhe1']",3.5,1394688,2022,1394688,0
iiwi/XC385056.ogg,iiwi,['hawama'],3.5,1198080,2022,1198080,1
iiwi/XC385396.ogg,iiwi,[],4.0,350208,2022,350208,2
iiwi/XC385609.ogg,iiwi,[],4.0,2027520,2022,2027520,4
iiwi/XC503670.ogg,iiwi,[],5.0,5951232,2022,5951232,0
iiwi/XC557115.ogg,iiwi,[],0.0,413780,2022,413780,1
iiwi/XC648123.ogg,iiwi,"['apapan', 'hawama']",1.5,665391,2022,665391,1
jabwar/XC122542.ogg,jabwar,[],5.0,5503488,2022,5503488,0
jabwar/XC144404.ogg,jabwar,[],5.0,1120131,2022,1120131,2
jabwar/XC190400.ogg,jabwar,[],3.5,189696,2022,189696,3
jabwar/XC190437.ogg,jabwar,[],4.5,288000,2022,288000,0
jabwar/XC190838.ogg,jabwar,[],4.5,241152,2022,241152,0
jabwar/XC191037.ogg,jabwar,[],3.5,2778593,2022,2778593,1
jabwar/XC191038.ogg,jabwar,[],5.0,1619174,2022,1619174,1
jabwar/XC191194.ogg,jabwar,[],5.0,6827781,2022,6827781,4
jabwar/XC191195.ogg,jabwar,[],5.0,2188434,2022,2188434,0
jabwar/XC191196.ogg,jabwar,[],5.0,3046087,2022,3046087,4
jabwar/XC191203.ogg,jabwar,[],5.0,1373952,2022,1373952,0
jabwar/XC194968.ogg,jabwar,[],5.0,1045734,2022,1045734,4
jabwar/XC198427.ogg,jabwar,[],5.0,6827781,2022,6827781,3
jabwar/XC198564.ogg,jabwar,[],4.0,86936,2022,86936,2
jabwar/XC201298.ogg,jabwar,[],3.5,1616640,2022,1616640,0
jabwar/XC207416.ogg,jabwar,[],3.5,2897664,2022,2897664,0
jabwar/XC213603.ogg,jabwar,[],4.5,952320,2022,952320,2
jabwar/XC235544.ogg,jabwar,[],3.5,542976,2022,542976,3
jabwar/XC236038.ogg,jabwar,[],5.0,723905,2022,723905,2
jabwar/XC27362.ogg,jabwar,['apapan'],4.5,1125982,2022,1125982,4
jabwar/XC282183.ogg,jabwar,[],3.5,769881,2022,769881,0
jabwar/XC282368.ogg,jabwar,[],2.5,225698,2022,225698,3
jabwar/XC284642.ogg,jabwar,[],5.0,5263104,2022,5263104,1
jabwar/XC284643.ogg,jabwar,[],5.0,1575168,2022,1575168,1
jabwar/XC284644.ogg,jabwar,[],5.0,2923008,2022,2923008,3
jabwar/XC301222.ogg,jabwar,[],3.5,644352,2022,644352,4
jabwar/XC309570.ogg,jabwar,[],4.0,614400,2022,614400,1
jabwar/XC329587.ogg,jabwar,[],3.5,1721156,2022,1721156,1
jabwar/XC329773.ogg,jabwar,[],3.5,710400,2022,710400,2
jabwar/XC332819.ogg,jabwar,[],4.0,1237248,2022,1237248,2
jabwar/XC332824.ogg,jabwar,[],4.0,416256,2022,416256,0
jabwar/XC372140.ogg,jabwar,['warwhe1'],4.5,1801404,2022,1801404,3
jabwar/XC385099.ogg,jabwar,[],4.0,959634,2022,959634,1
jabwar/XC385100.ogg,jabwar,[],4.0,2165864,2022,2165864,2
jabwar/XC385191.ogg,jabwar,['mallar3'],3.5,2138279,2022,2138279,3
jabwar/XC385192.ogg,jabwar,[],4.0,476473,2022,476473,1
jabwar/XC385193.ogg,jabwar,[],5.0,1018149,2022,1018149,4
jabwar/XC385194.ogg,jabwar,[],4.0,288392,2022,288392,4
jabwar/XC385329.ogg,jabwar,[],2.5,778752,2022,778752,4
jabwar/XC393075.ogg,jabwar,[],4.5,2189568,2022,2189568,3
jabwar/XC408977.ogg,jabwar,[],4.0,8069120,2022,8069120,1
jabwar/XC409023.ogg,jabwar,[],4.5,2599680,2022,2599680,0
jabwar/XC410204.ogg,jabwar,[],4.0,35712,2022,35712,4
jabwar/XC41396.ogg,jabwar,[],4.0,1112607,2022,1112607,4
jabwar/XC41397.ogg,jabwar,[],4.0,627775,2022,627775,0
jabwar/XC419699.ogg,jabwar,[],5.0,1363383,2022,1363383,2
jabwar/XC423734.ogg,jabwar,[],4.0,677930,2022,677930,3
jabwar/XC442837.ogg,jabwar,[],2.5,753998,2022,753998,2
jabwar/XC450667.ogg,jabwar,[],4.5,2566269,2022,2566269,1
jabwar/XC450670.ogg,jabwar,[],4.5,3565192,2022,3565192,3
jabwar/XC450672.ogg,jabwar,[],4.5,1892519,2022,1892519,4
jabwar/XC451338.ogg,jabwar,[],4.5,5975980,2022,5975980,1
jabwar/XC461859.ogg,jabwar,[],4.0,1012224,2022,1012224,0
jabwar/XC463789.ogg,jabwar,[],3.5,984712,2022,984712,0
jabwar/XC465465.ogg,jabwar,[],3.0,1704416,2022,1704416,2
jabwar/XC465651.ogg,jabwar,['warwhe1'],3.5,3184128,2022,3184128,0
jabwar/XC475525.ogg,jabwar,[],4.5,2497536,2022,2497536,1
jabwar/XC475678.ogg,jabwar,['warwhe1'],4.5,2333048,2022,2333048,4
jabwar/XC478924.ogg,jabwar,[],4.0,723904,2022,723904,1
jabwar/XC479567.ogg,jabwar,[],4.0,3961408,2022,3961408,3
jabwar/XC480468.ogg,jabwar,[],4.0,480768,2022,480768,2
jabwar/XC486788.ogg,jabwar,[],4.5,2142720,2022,2142720,2
jabwar/XC507288.ogg,jabwar,[],5.0,1586688,2022,1586688,3
jabwar/XC507289.ogg,jabwar,[],5.0,1665792,2022,1665792,2
jabwar/XC512523.ogg,jabwar,[],3.5,454740,2022,454740,2
jabwar/XC528853.ogg,jabwar,[],5.0,1829824,2022,1829824,1
jabwar/XC536945.ogg,jabwar,[],4.0,906136,2022,906136,4
jabwar/XC536946.ogg,jabwar,[],5.0,118700,2022,118700,0
jabwar/XC536947.ogg,jabwar,[],3.5,458919,2022,458919,4
jabwar/XC539048.ogg,jabwar,[],5.0,1449482,2022,1449482,3
jabwar/XC539050.ogg,jabwar,['eurwig'],3.5,623595,2022,623595,4
jabwar/XC575527.ogg,jabwar,[],5.0,206464,2022,206464,0
jabwar/XC576616.ogg,jabwar,[],4.5,1265568,2022,1265568,1
jabwar/XC576627.ogg,jabwar,[],4.0,225696,2022,225696,1
jabwar/XC581688.ogg,jabwar,[],5.0,3725568,2022,3725568,2
jabwar/XC605316.ogg,jabwar,[],3.5,602697,2022,602697,3
jabwar/XC655763.ogg,jabwar,[],4.0,664320,2022,664320,3
jabwar/XC660617.ogg,jabwar,[],5.0,1966912,2022,1966912,2
maupar/XC123887_00.ogg,maupar,"['apapan', 'iiwi']",4.5,7969536,2022,960519,4
maupar/XC123887_01.ogg,maupar,"['apapan', 'iiwi']",4.5,7969536,2022,993880,0
maupar/XC123887_02.ogg,maupar,"['apapan', 'iiwi']",4.5,7969536,2022,959859,1
maupar/XC123887_03.ogg,maupar,"['apapan', 'iiwi']",4.5,7969536,2022,960850,3
maupar/XC123887_04.ogg,maupar,"['apapan', 'iiwi']",4.5,7969536,2022,4121389,2
omao/XC175493.ogg,omao,"['apapan', 'hawama', 'hawcre', 'iiwi', 'warwhe1']",3.5,1431092,2022,1431092,1
omao/XC191210.ogg,omao,[],4.0,1186560,2022,1186560,1
omao/XC252704.ogg,omao,[],4.0,2724258,2022,2724258,2
omao/XC252705.ogg,omao,[],4.0,2348931,2022,2348931,1
omao/XC252707.ogg,omao,[],4.0,1296509,2022,1296509,3
omao/XC252709.ogg,omao,[],4.0,2486021,2022,2486021,0
omao/XC252711.ogg,omao,[],4.0,742296,2022,742296,2
omao/XC27341.ogg,omao,"['apapan', 'warwhe1', 'zebdov']",4.5,3390485,2022,3390485,3
omao/XC27353.ogg,omao,"['apapan', 'hawama', 'iiwi']",3.5,1667657,2022,1667657,4
omao/XC27375.ogg,omao,['iiwi'],3.5,2705868,2022,2705868,4
omao/XC306419.ogg,omao,[],5.0,1805584,2022,1805584,0
omao/XC317145.ogg,omao,"['apapan', 'hawama', 'iiwi']",3.5,2481006,2022,2481006,2
omao/XC317146.ogg,omao,"['hawama', 'warwhe1']",2.5,1378429,2022,1378429,0
omao/XC359187.ogg,omao,['apapan'],4.5,255791,2022,255791,2
omao/XC385071.ogg,omao,['warwhe1'],2.5,1263360,2022,1263360,0
omao/XC385074.ogg,omao,[],5.0,77568,2022,77568,1
omao/XC385296.ogg,omao,[],4.0,5822208,2022,5822208,3
omao/XC385297.ogg,omao,['elepai'],2.5,233472,2022,233472,3
omao/XC385391.ogg,omao,[],5.0,2492928,2022,2492928,4
omao/XC642623.ogg,omao,[],3.0,1416032,2022,1416032,4
omao/XC648122.ogg,omao,['apapan'],2.5,427968,2022,427968,4
puaioh/XC144892.ogg,puaioh,"['aniani', 'apapan']",3.5,920832,2022,920832,3
puaioh/XC144893.ogg,puaioh,"['aniani', 'apapan']",3.5,363264,2022,363264,4
puaioh/XC144894.ogg,puaioh,[],3.0,40704,2022,40704,0
skylar/XC112425.ogg,skylar,[],3.5,459755,2022,459755,0
skylar/XC114459.ogg,skylar,[],5.0,2910720,2022,2910720,4
skylar/XC128543.ogg,skylar,[],5.0,893597,2022,893597,0
skylar/XC129473.ogg,skylar,[],3.0,899328,2022,899328,2
skylar/XC130423.ogg,skylar,[],3.5,414616,2022,414616,3
skylar/XC131285.ogg,skylar,[],4.0,3372931,2022,3372931,2
skylar/XC131289.ogg,skylar,[],3.0,656196,2022,656196,4
skylar/XC131537.ogg,skylar,[],4.0,1164288,2022,1164288,4
skylar/XC131647.ogg,skylar,[],5.0,2868480,2022,2868480,1
skylar/XC134077.ogg,skylar,[],4.0,4514795,2022,4514795,3
skylar/XC138797.ogg,skylar,[],2.5,687961,2022,687961,3
skylar/XC138803.ogg,skylar,[],3.0,1062452,2022,1062452,2
skylar/XC139048.ogg,skylar,[],2.0,2098991,2022,2098991,0
skylar/XC139049.ogg,skylar,[],3.0,1453662,2022,1453662,1
skylar/XC139781.ogg,skylar,[],4.0,2210168,2022,2210168,2
skylar/XC139939.ogg,skylar,[],4.0,977189,2022,977189,0
skylar/XC140587.ogg,skylar,[],3.5,3061952,2022,3061952,1
skylar/XC141436.ogg,skylar,[],3.5,5680896,2022,5680896,0
skylar/XC142423.ogg,skylar,[],4.0,2310478,2022,2310478,4
skylar/XC142519.ogg,skylar,[],4.0,1034867,2022,1034867,4
skylar/XC142692.ogg,skylar,[],2.5,2460108,2022,2460108,1
skylar/XC143109.ogg,skylar,[],4.0,985344,2022,985344,1
skylar/XC146521.ogg,skylar,[],3.0,2005368,2022,2005368,2
skylar/XC146574.ogg,skylar,[],4.0,3558504,2022,3558504,4
skylar/XC146575.ogg,skylar,[],4.0,4039993,2022,4039993,1
skylar/XC147131.ogg,skylar,[],2.5,278016,2022,278016,0
skylar/XC147139.ogg,skylar,[],4.0,548352,2022,548352,4
skylar/XC147421.ogg,skylar,[],4.0,429662,2022,429662,4
skylar/XC152410.ogg,skylar,[],4.0,998087,2022,998087,0
skylar/XC152695.ogg,skylar,[],3.0,741120,2022,741120,0
skylar/XC152823.ogg,skylar,[],3.0,356937,2022,356937,1
skylar/XC153898.ogg,skylar,[],5.0,2126576,2022,2126576,0
skylar/XC156831.ogg,skylar,[],4.0,1314880,2022,1314880,0
skylar/XC167708.ogg,skylar,[],4.0,1252206,2022,1252206,3
skylar/XC169061.ogg,skylar,[],3.0,1209574,2022,1209574,2
skylar/XC170929.ogg,skylar,[],3.0,360192,2022,360192,1
skylar/XC172092.ogg,skylar,[],3.0,847104,2022,847104,4
skylar/XC172095.ogg,skylar,[],3.0,1378560,2022,1378560,2
skylar/XC172357.ogg,skylar,[],3.0,578304,2022,578304,2
skylar/XC173012.ogg,skylar,[],4.0,4305408,2022,4305408,4
skylar/XC174450.ogg,skylar,[],4.0,1409358,2022,1409358,0
skylar/XC174987.ogg,skylar,[],4.0,350976,2022,350976,0
skylar/XC175176.ogg,skylar,[],3.0,3276288,2022,3276288,1
skylar/XC175308.ogg,skylar,[],4.0,2571264,2022,2571264,1
skylar/XC175701.ogg,skylar,[],4.0,3782400,2022,3782400,3
skylar/XC175974.ogg,skylar,[],3.0,2520576,2022,2520576,3
skylar/XC176419.ogg,skylar,[],3.0,588288,2022,588288,4
skylar/XC182197.ogg,skylar,[],3.0,1282560,2022,1282560,1
skylar/XC182281.ogg,skylar,[],4.0,3944699,2022,3944699,3
skylar/XC182387.ogg,skylar,[],2.5,1436108,2022,1436108,1
skylar/XC182390.ogg,skylar,[],3.0,2399232,2022,2399232,0
skylar/XC182458.ogg,skylar,[],3.0,3397632,2022,3397632,4
skylar/XC182527.ogg,skylar,[],3.0,797184,2022,797184,1
skylar/XC182528.ogg,skylar,[],3.0,386304,2022,386304,1
skylar/XC184582.ogg,skylar,[],3.5,1225456,2022,1225456,0
skylar/XC184583.ogg,skylar,[],4.0,362789,2022,362789,0
skylar/XC184584.ogg,skylar,[],3.0,328516,2022,328516,3
skylar/XC184751.ogg,skylar,[],4.0,1114279,2022,1114279,4
skylar/XC184752.ogg,skylar,[],4.0,1022328,2022,1022328,4
skylar/XC186011.ogg,skylar,[],3.0,4857522,2022,4857522,3
skylar/XC188312.ogg,skylar,[],4.0,278361,2022,278361,2
skylar/XC189155.ogg,skylar,[],4.0,349414,2022,349414,0
skylar/XC189727.ogg,skylar,[],5.0,5237029,2022,5237029,2
skylar/XC189728.ogg,skylar,[],5.0,1472052,2022,1472052,0
skylar/XC190706.ogg,skylar,[],3.0,456192,2022,456192,1
skylar/XC192344.ogg,skylar,[],3.0,2035461,2022,2035461,2
skylar/XC194620.ogg,skylar,[],5.0,1213753,2022,1213753,3
skylar/XC197628.ogg,skylar,[],4.0,1670165,2022,1670165,0
skylar/XC198112.ogg,skylar,[],4.5,1259729,2022,1259729,3
skylar/XC199292.ogg,skylar,[],4.0,578456,2022,578456,4
skylar/XC199763.ogg,skylar,[],5.0,1736448,2022,1736448,1
skylar/XC200138.ogg,skylar,[],4.0,410880,2022,410880,2
skylar/XC207678.ogg,skylar,['cangoo'],3.5,5318113,2022,5318113,0
skylar/XC209085.ogg,skylar,[],3.5,783360,2022,783360,3
skylar/XC209138.ogg,skylar,[],3.5,1778834,2022,1778834,0
skylar/XC209158.ogg,skylar,[],3.0,586815,2022,586815,2
skylar/XC209159.ogg,skylar,[],3.0,688797,2022,688797,4
skylar/XC212000.ogg,skylar,[],3.0,317952,2022,317952,4
skylar/XC212797.ogg,skylar,[],2.5,3114240,2022,3114240,0
skylar/XC212870.ogg,skylar,[],3.5,1017313,2022,1017313,0
skylar/XC212966.ogg,skylar,[],3.0,705792,2022,705792,4
skylar/XC214614.ogg,skylar,[],3.0,460800,2022,460800,3
skylar/XC214616.ogg,skylar,[],3.0,436992,2022,436992,2
skylar/XC232502.ogg,skylar,[],4.0,380343,2022,380343,1
skylar/XC233562.ogg,skylar,[],2.5,1161216,2022,1161216,3
skylar/XC235542.ogg,skylar,[],4.0,552960,2022,552960,4
skylar/XC235545.ogg,skylar,['jabwar'],3.5,3723264,2022,3723264,4
skylar/XC240683.ogg,skylar,[],3.5,708023,2022,708023,2
skylar/XC241824.ogg,skylar,[],4.0,638642,2022,638642,2
skylar/XC241900.ogg,skylar,[],4.0,324336,2022,324336,3
skylar/XC241929.ogg,skylar,[],4.0,364460,2022,364460,1
skylar/XC246026.ogg,skylar,[],4.0,1054093,2022,1054093,0
skylar/XC246620.ogg,skylar,[],4.0,791808,2022,791808,4
skylar/XC249283.ogg,skylar,[],3.5,4041665,2022,4041665,1
skylar/XC25140.ogg,skylar,[],5.0,2106514,2022,2106514,1
skylar/XC256651.ogg,skylar,[],3.5,312576,2022,312576,4
skylar/XC25874.ogg,skylar,[],2.0,691304,2022,691304,4
skylar/XC267479.ogg,skylar,[],4.0,4042501,2022,4042501,0
skylar/XC267483.ogg,skylar,[],4.0,1772147,2022,1772147,2
skylar/XC281931.ogg,skylar,[],3.5,299259,2022,299259,1
skylar/XC282713.ogg,skylar,['skylar'],3.5,1493760,2022,1493760,0
skylar/XC283467.ogg,skylar,[],4.0,2450688,2022,2450688,0
skylar/XC284622.ogg,skylar,[],3.5,541440,2022,541440,0
skylar/XC285380.ogg,skylar,[],3.0,2785280,2022,2785280,4
skylar/XC286650.ogg,skylar,[],3.0,858488,2022,858488,0
skylar/XC287132.ogg,skylar,[],4.0,525793,2022,525793,2
skylar/XC290312.ogg,skylar,[],3.0,538331,2022,538331,4
skylar/XC292020.ogg,skylar,[],4.0,3408875,2022,3408875,4
skylar/XC297591.ogg,skylar,[],4.0,1468709,2022,1468709,0
skylar/XC299496.ogg,skylar,[],4.0,418795,2022,418795,2
skylar/XC301572.ogg,skylar,[],4.0,650344,2022,650344,0
skylar/XC305216.ogg,skylar,[],2.0,454740,2022,454740,0
skylar/XC307760.ogg,skylar,[],5.0,569260,2022,569260,2
skylar/XC307762.ogg,skylar,[],4.0,3448163,2022,3448163,1
skylar/XC307765.ogg,skylar,[],4.0,5732728,2022,5732728,2
skylar/XC307926.ogg,skylar,[],4.0,4003213,2022,4003213,1
skylar/XC309050.ogg,skylar,[],1.0,462263,2022,462263,3
skylar/XC309121.ogg,skylar,[],4.0,2110464,2022,2110464,4
skylar/XC309122.ogg,skylar,[],4.0,354816,2022,354816,0
skylar/XC309457.ogg,skylar,[],4.5,8648448,2022,8648448,4
skylar/XC309465.ogg,skylar,[],4.0,5442048,2022,5442048,0
skylar/XC309476.ogg,skylar,[],5.0,2760960,2022,2760960,2
skylar/XC309480.ogg,skylar,[],4.0,5003520,2022,5003520,0
skylar/XC309611.ogg,skylar,[],4.0,485376,2022,485376,4
skylar/XC309616.ogg,skylar,[],4.0,4706304,2022,4706304,2
skylar/XC309623.ogg,skylar,[],5.0,5753856,2022,5753856,2
skylar/XC309632.ogg,skylar,[],3.0,910848,2022,910848,1
skylar/XC310344.ogg,skylar,['jabwar'],3.5,261120,2022,261120,1
skylar/XC312136.ogg,skylar,[],3.0,2057195,2022,2057195,4
skylar/XC312299.ogg,skylar,[],1.5,1947648,2022,1947648,1
skylar/XC312491.ogg,skylar,[],3.0,347136,2022,347136,2
skylar/XC312632.ogg,skylar,[],4.0,1181184,2022,1181184,3
skylar/XC312760.ogg,skylar,[],3.5,1488771,2022,1488771,3
skylar/XC313462.ogg,skylar,[],1.0,263314,2022,263314,3
skylar/XC314022.ogg,skylar,[],3.0,1029016,2022,1029016,2
skylar/XC314823.ogg,skylar,[],3.0,229878,2022,229878,0
skylar/XC314989.ogg,skylar,[],4.0,618580,2022,618580,2
skylar/XC315430.ogg,skylar,[],3.5,5010432,2022,5010432,2
skylar/XC315680.ogg,skylar,[],3.0,1851648,2022,1851648,3
skylar/XC315683.ogg,skylar,[],3.0,464640,2022,464640,1
skylar/XC315924.ogg,skylar,[],3.5,259971,2022,259971,0
skylar/XC315929.ogg,skylar,[],2.5,1592424,2022,1592424,0
skylar/XC315930.ogg,skylar,[],3.5,640313,2022,640313,0
skylar/XC316597.ogg,skylar,[],4.0,3097913,2022,3097913,3
skylar/XC316731.ogg,skylar,[],3.0,673750,2022,673750,2
skylar/XC317316.ogg,skylar,[],2.5,1973603,2022,1973603,3
skylar/XC317317.ogg,skylar,[],2.5,1242175,2022,1242175,3
skylar/XC317318.ogg,skylar,[],2.5,3209091,2022,3209091,3
skylar/XC317794.ogg,skylar,[],4.0,343562,2022,343562,3
skylar/XC317855.ogg,skylar,[],4.0,2853825,2022,2853825,3
skylar/XC318563.ogg,skylar,[],4.0,1873293,2022,1873293,4
skylar/XC318647.ogg,skylar,[],2.5,572604,2022,572604,2
skylar/XC318756.ogg,skylar,[],4.0,3847680,2022,3847680,3
skylar/XC319034.ogg,skylar,[],4.0,2730945,2022,2730945,3
skylar/XC325230.ogg,skylar,[],4.0,5898240,2022,5898240,0
skylar/XC325577.ogg,skylar,[],3.0,662883,2022,662883,1
skylar/XC325578.ogg,skylar,[],3.0,504895,2022,504895,1
skylar/XC328121.ogg,skylar,[],1.5,15487488,2022,15487488,2
skylar/XC328122.ogg,skylar,[],2.0,12287232,2022,12287232,1
skylar/XC329221.ogg,skylar,[],4.0,2351616,2022,2351616,0
skylar/XC330935.ogg,skylar,[],3.5,1446975,2022,1446975,4
skylar/XC331748.ogg,skylar,[],4.0,9975014,2022,9975014,1
skylar/XC335278.ogg,skylar,[],0.5,456411,2022,456411,3
skylar/XC335656.ogg,skylar,[],4.0,1436160,2022,1436160,2
skylar/XC338569.ogg,skylar,[],4.0,392882,2022,392882,0
skylar/XC339824.ogg,skylar,[],4.0,2244441,2022,2244441,2
skylar/XC339840.ogg,skylar,[],4.0,611040,2022,611040,0
skylar/XC340346.ogg,skylar,[],4.0,514090,2022,514090,2
skylar/XC344087.ogg,skylar,[],4.0,283376,2022,283376,0
skylar/XC344154.ogg,skylar,[],3.0,163840,2022,163840,2
skylar/XC345748.ogg,skylar,[],5.0,584307,2022,584307,4
skylar/XC345781.ogg,skylar,['skylar'],3.5,3586560,2022,3586560,2
skylar/XC358407.ogg,skylar,[],4.0,417123,2022,417123,4
skylar/XC360830.ogg,skylar,[],4.0,850129,2022,850129,1
skylar/XC360908.ogg,skylar,['redjun'],2.5,564480,2022,564480,4
skylar/XC360910.ogg,skylar,[],1.5,1414656,2022,1414656,3
skylar/XC362045.ogg,skylar,[],4.0,234057,2022,234057,2
skylar/XC362402.ogg,skylar,[],4.5,2290944,2022,2290944,0
skylar/XC362700.ogg,skylar,[],4.0,2191778,2022,2191778,4
skylar/XC362702.ogg,skylar,[],4.0,670407,2022,670407,1
skylar/XC362703.ogg,skylar,[],4.0,747311,2022,747311,3
skylar/XC362704.ogg,skylar,[],4.0,727249,2022,727249,3
skylar/XC363898.ogg,skylar,[],4.0,649504,2022,649504,0
skylar/XC364088.ogg,skylar,[],4.0,667899,2022,667899,0
skylar/XC364145.ogg,skylar,[],4.0,2644992,2022,2644992,2
skylar/XC365522.ogg,skylar,[],5.0,1738752,2022,1738752,0
skylar/XC367185.ogg,skylar,[],2.0,863504,2022,863504,1
skylar/XC367372.ogg,skylar,[],1.5,774144,2022,774144,1
skylar/XC367392.ogg,skylar,[],2.0,668160,2022,668160,4
skylar/XC367493.ogg,skylar,[],2.0,294243,2022,294243,4
skylar/XC367931.ogg,skylar,[],4.0,1946018,2022,1946018,0
skylar/XC367932.ogg,skylar,[],4.0,2830420,2022,2830420,2
skylar/XC367933.ogg,skylar,[],3.0,4846655,2022,4846655,3
skylar/XC367935.ogg,skylar,[],3.0,1715304,2022,1715304,0
skylar/XC367936.ogg,skylar,[],4.0,793287,2022,793287,0
skylar/XC368008.ogg,skylar,[],4.0,2280385,2022,2280385,2
skylar/XC368038.ogg,skylar,[],4.0,3007634,2022,3007634,0
skylar/XC370319.ogg,skylar,[],3.5,1173629,2022,1173629,2
skylar/XC370390.ogg,skylar,[],4.0,533316,2022,533316,3
skylar/XC374285.ogg,skylar,[],4.5,5662511,2022,5662511,3
skylar/XC374306.ogg,skylar,[],5.0,779076,2022,779076,1
skylar/XC375536.ogg,skylar,[],4.0,2243605,2022,2243605,4
skylar/XC377128.ogg,skylar,[],4.0,810005,2022,810005,1
skylar/XC378396.ogg,skylar,['skylar'],4.5,3542622,2022,3542622,2
skylar/XC378397.ogg,skylar,['skylar'],4.5,6316199,2022,6316199,2
skylar/XC380357.ogg,skylar,[],3.5,494016,2022,494016,2
skylar/XC380395.ogg,skylar,"['mallar3', 'skylar']",4.5,13189956,2022,13189956,2
skylar/XC392779.ogg,skylar,[],4.0,461427,2022,461427,2
skylar/XC393782.ogg,skylar,[],3.0,601856,2022,601856,1
skylar/XC396861.ogg,skylar,['skylar'],3.5,258048,2022,258048,3
skylar/XC396870.ogg,skylar,[],3.0,1794048,2022,1794048,2
skylar/XC401962.ogg,skylar,[],5.0,2409216,2022,2409216,3
skylar/XC407623.ogg,skylar,[],4.0,1727840,2022,1727840,4
skylar/XC416293.ogg,skylar,[],4.0,1508832,2022,1508832,1
skylar/XC417144.ogg,skylar,[],3.0,1818624,2022,1818624,2
skylar/XC417772.ogg,skylar,['skylar'],4.5,1634304,2022,1634304,2
skylar/XC418551.ogg,skylar,[],3.0,3036891,2022,3036891,4
skylar/XC421481.ogg,skylar,[],5.0,7770697,2022,7770697,3
skylar/XC421695.ogg,skylar,[],3.5,2976768,2022,2976768,2
skylar/XC422436.ogg,skylar,[],4.0,3359232,2022,3359232,4
skylar/XC426174.ogg,skylar,[],4.0,995579,2022,995579,1
skylar/XC428195.ogg,skylar,[],4.0,1125982,2022,1125982,2
skylar/XC431710.ogg,skylar,[],5.0,2413296,2022,2413296,3
skylar/XC432114.ogg,skylar,[],4.5,297216,2022,297216,1
skylar/XC434312.ogg,skylar,[],4.0,269984,2022,269984,0
skylar/XC437072.ogg,skylar,[],4.0,463104,2022,463104,2
skylar/XC437761.ogg,skylar,[],3.5,423936,2022,423936,3
skylar/XC437812.ogg,skylar,[],3.5,1924284,2022,1924284,1
skylar/XC439200.ogg,skylar,[],4.0,1939331,2022,1939331,1
skylar/XC439352.ogg,skylar,[],3.0,336032,2022,336032,0
skylar/XC439542.ogg,skylar,[],3.0,415451,2022,415451,2
skylar/XC439546.ogg,skylar,[],4.0,705504,2022,705504,2
skylar/XC440982.ogg,skylar,[],3.0,335200,2022,335200,2
skylar/XC441637.ogg,skylar,[],3.5,388608,2022,388608,0
skylar/XC442054.ogg,skylar,[],2.5,380928,2022,380928,0
skylar/XC442138.ogg,skylar,[],4.0,432160,2022,432160,3
skylar/XC445334.ogg,skylar,[],4.0,350240,2022,350240,1
skylar/XC445335.ogg,skylar,[],4.0,825024,2022,825024,2
skylar/XC448367.ogg,skylar,[],4.0,861696,2022,861696,3
skylar/XC449773.ogg,skylar,[],4.0,1476232,2022,1476232,1
skylar/XC453853.ogg,skylar,[],3.0,192256,2022,192256,0
skylar/XC454692.ogg,skylar,[],3.0,702144,2022,702144,3
skylar/XC455342.ogg,skylar,[],4.0,417959,2022,417959,0
skylar/XC456729.ogg,skylar,[],3.0,478981,2022,478981,1
skylar/XC459399.ogg,skylar,[],4.0,589322,2022,589322,3
skylar/XC459788.ogg,skylar,[],2.0,274944,2022,274944,2
skylar/XC459793.ogg,skylar,[],3.0,569856,2022,569856,1
skylar/XC459915.ogg,skylar,[],4.0,465600,2022,465600,4
skylar/XC462158.ogg,skylar,[],0.0,1821312,2022,1821312,4
skylar/XC462426.ogg,skylar,[],2.0,427136,2022,427136,1
skylar/XC462647.ogg,skylar,[],4.0,740624,2022,740624,4
skylar/XC463857.ogg,skylar,[],5.0,1019808,2022,1019808,3
skylar/XC464300.ogg,skylar,[],0.0,1925952,2022,1925952,0
skylar/XC464509.ogg,skylar,[],4.0,5560512,2022,5560512,0
skylar/XC465033.ogg,skylar,[],3.0,1379265,2022,1379265,3
skylar/XC465367.ogg,skylar,[],0.0,3992320,2022,3992320,2
skylar/XC466541.ogg,skylar,[],3.0,1008953,2022,1008953,4
skylar/XC466731.ogg,skylar,[],3.5,1407687,2022,1407687,3
skylar/XC467286.ogg,skylar,[],3.0,1515520,2022,1515520,4
skylar/XC467668.ogg,skylar,[],5.0,784064,2022,784064,0
skylar/XC467956.ogg,skylar,[],5.0,2042976,2022,2042976,0
skylar/XC468265.ogg,skylar,[],4.0,913632,2022,913632,1
skylar/XC468523.ogg,skylar,[],1.5,23762651,2022,23762651,1
skylar/XC474328.ogg,skylar,[],4.0,716352,2022,716352,3
skylar/XC475231.ogg,skylar,[],5.0,1018368,2022,1018368,3
skylar/XC476535.ogg,skylar,[],1.5,30810279,2022,30810279,4
skylar/XC477611.ogg,skylar,[],4.0,1844036,2022,1844036,0
skylar/XC478521.ogg,skylar,[],4.0,935424,2022,935424,3
skylar/XC480348.ogg,skylar,[],4.0,2381531,2022,2381531,1
skylar/XC484613.ogg,skylar,[],0.0,1895027,2022,1895027,1
skylar/XC485045.ogg,skylar,[],0.0,1783296,2022,1783296,4
skylar/XC486607.ogg,skylar,[],0.0,1005610,2022,1005610,1
skylar/XC489827.ogg,skylar,['skylar'],4.5,7663680,2022,7663680,1
skylar/XC491985.ogg,skylar,[],0.0,808320,2022,808320,1
skylar/XC495364.ogg,skylar,[],4.0,633626,2022,633626,0
skylar/XC495678.ogg,skylar,[],5.0,751104,2022,751104,1
skylar/XC497872.ogg,skylar,[],5.0,2418312,2022,2418312,2
skylar/XC499818.ogg,skylar,[],0.0,301760,2022,301760,2
skylar/XC501082.ogg,skylar,[],2.0,215667,2022,215667,4
skylar/XC501084.ogg,skylar,[],2.0,184738,2022,184738,0
skylar/XC501087.ogg,skylar,[],3.0,256627,2022,256627,2
skylar/XC501088.ogg,skylar,[],4.0,180558,2022,180558,3
skylar/XC501371.ogg,skylar,[],4.0,200620,2022,200620,0
skylar/XC502402.ogg,skylar,[],4.0,514926,2022,514926,1
skylar/XC503273.ogg,skylar,[],4.5,932864,2022,932864,4
skylar/XC503709.ogg,skylar,[],0.0,270650,2022,270650,1
skylar/XC504168.ogg,skylar,[],4.0,283466,2022,283466,4
skylar/XC504568.ogg,skylar,[],0.0,341024,2022,341024,4
skylar/XC510739.ogg,skylar,[],4.0,837590,2022,837590,3
skylar/XC512593.ogg,skylar,[],4.5,1850880,2022,1850880,4
skylar/XC520610.ogg,skylar,[],2.5,1032192,2022,1032192,0
skylar/XC522158.ogg,skylar,[],4.0,2378496,2022,2378496,4
skylar/XC522159.ogg,skylar,[],5.0,615168,2022,615168,2
skylar/XC526318.ogg,skylar,[],2.0,255744,2022,255744,3
skylar/XC526431.ogg,skylar,[],3.0,194304,2022,194304,2
skylar/XC526955.ogg,skylar,[],3.0,1307376,2022,1307376,0
skylar/XC526981.ogg,skylar,[],4.0,521613,2022,521613,0
skylar/XC527042.ogg,skylar,[],4.0,951275,2022,951275,3
skylar/XC527063.ogg,skylar,[],2.0,1058273,2022,1058273,3
skylar/XC527065.ogg,skylar,[],4.0,319321,2022,319321,3
skylar/XC527066.ogg,skylar,[],4.0,275017,2022,275017,0
skylar/XC527067.ogg,skylar,[],4.0,921182,2022,921182,0
skylar/XC527070.ogg,skylar,[],4.0,937900,2022,937900,1
skylar/XC527205.ogg,skylar,[],4.0,687125,2022,687125,3
skylar/XC527436.ogg,skylar,[],4.0,988056,2022,988056,1
skylar/XC527437.ogg,skylar,[],4.0,432170,2022,432170,3
skylar/XC528048.ogg,skylar,[],2.5,1179481,2022,1179481,3
skylar/XC528069.ogg,skylar,[],2.0,188928,2022,188928,4
skylar/XC528350.ogg,skylar,[],3.0,203104,2022,203104,2
skylar/XC528432.ogg,skylar,[],3.5,1746432,2022,1746432,0
skylar/XC528761.ogg,skylar,[],3.0,806661,2022,806661,2
skylar/XC528943.ogg,skylar,[],5.0,873216,2022,873216,2
skylar/XC530607.ogg,skylar,['mallar3'],2.5,861832,2022,861832,2
skylar/XC530609.ogg,skylar,['mallar3'],1.5,1381773,2022,1381773,3
skylar/XC530612.ogg,skylar,[],3.0,473130,2022,473130,2
skylar/XC530613.ogg,skylar,[],2.5,437185,2022,437185,4
skylar/XC530614.ogg,skylar,[],1.5,1295673,2022,1295673,3
skylar/XC530615.ogg,skylar,[],3.0,511582,2022,511582,2
skylar/XC530616.ogg,skylar,[],2.5,625267,2022,625267,2
skylar/XC530617.ogg,skylar,['houspa'],2.5,564245,2022,564245,0
skylar/XC530620.ogg,skylar,[],2.5,1215425,2022,1215425,1
skylar/XC530621.ogg,skylar,[],3.0,170527,2022,170527,3
skylar/XC531208.ogg,skylar,[],3.0,5445172,2022,5445172,1
skylar/XC533821.ogg,skylar,[],2.0,337696,2022,337696,3
skylar/XC534505.ogg,skylar,[],3.0,878528,2022,878528,2
skylar/XC535457.ogg,skylar,[],4.0,1482240,2022,1482240,0
skylar/XC535459.ogg,skylar,[],4.0,470784,2022,470784,3
skylar/XC535560.ogg,skylar,[],4.0,394553,2022,394553,2
skylar/XC535574.ogg,skylar,[],4.0,538331,2022,538331,3
skylar/XC535824.ogg,skylar,[],3.0,869355,2022,869355,3
skylar/XC535998.ogg,skylar,['rinphe'],2.5,4162038,2022,4162038,1
skylar/XC537563.ogg,skylar,[],3.0,371148,2022,371148,2
skylar/XC538084.ogg,skylar,[],4.0,384768,2022,384768,0
skylar/XC538729.ogg,skylar,[],2.0,336864,2022,336864,1
skylar/XC539168.ogg,skylar,[],3.5,1272268,2022,1272268,3
skylar/XC544669.ogg,skylar,[],3.0,1026816,2022,1026816,4
skylar/XC545488.ogg,skylar,[],3.0,943752,2022,943752,3
skylar/XC546007.ogg,skylar,[],4.0,335200,2022,335200,2
skylar/XC547060.ogg,skylar,[],4.0,313344,2022,313344,2
skylar/XC547106.ogg,skylar,[],5.0,360960,2022,360960,0
skylar/XC548086.ogg,skylar,[],4.5,3288576,2022,3288576,0
skylar/XC548093.ogg,skylar,[],4.5,2913024,2022,2913024,2
skylar/XC548103.ogg,skylar,[],5.0,336384,2022,336384,3
skylar/XC548123.ogg,skylar,[],5.0,1784064,2022,1784064,4
skylar/XC548297.ogg,skylar,[],5.0,5595648,2022,5595648,4
skylar/XC548644.ogg,skylar,[],5.0,6593724,2022,6593724,1
skylar/XC548647.ogg,skylar,[],5.0,6252669,2022,6252669,1
skylar/XC548650.ogg,skylar,[],5.0,5196069,2022,5196069,0
skylar/XC548685.ogg,skylar,[],5.0,1712640,2022,1712640,1
skylar/XC548691.ogg,skylar,[],5.0,2208768,2022,2208768,4
skylar/XC549269.ogg,skylar,[],4.0,811677,2022,811677,3
skylar/XC549675.ogg,skylar,[],3.5,1405440,2022,1405440,4
skylar/XC55104.ogg,skylar,[],3.0,1322423,2022,1322423,1
skylar/XC55105.ogg,skylar,[],2.0,2853825,2022,2853825,0
skylar/XC553856.ogg,skylar,[],5.0,901120,2022,901120,0
skylar/XC554924.ogg,skylar,[],4.5,1986976,2022,1986976,4
skylar/XC555189.ogg,skylar,[],5.0,343552,2022,343552,4
skylar/XC557005.ogg,skylar,[],5.0,1441959,2022,1441959,2
skylar/XC557984.ogg,skylar,[],5.0,3793920,2022,3793920,3
skylar/XC559795.ogg,skylar,[],3.0,1549792,2022,1549792,4
skylar/XC561535.ogg,skylar,[],2.5,2872320,2022,2872320,2
skylar/XC562495.ogg,skylar,[],3.0,2380800,2022,2380800,2
skylar/XC562678.ogg,skylar,[],3.0,695456,2022,695456,1
skylar/XC562886.ogg,skylar,[],5.0,366112,2022,366112,1
skylar/XC563077.ogg,skylar,[],3.5,844032,2022,844032,3
skylar/XC563406.ogg,skylar,[],3.0,171360,2022,171360,2
skylar/XC563768.ogg,skylar,[],2.5,1578208,2022,1578208,2
skylar/XC565036.ogg,skylar,[],2.5,2069728,2022,2069728,2
skylar/XC566093.ogg,skylar,[],4.0,1372576,2022,1372576,4
skylar/XC566132.ogg,skylar,[],4.0,1005600,2022,1005600,4
skylar/XC566231.ogg,skylar,[],4.0,408736,2022,408736,0
skylar/XC567373.ogg,skylar,[],3.5,1752576,2022,1752576,1
skylar/XC568908.ogg,skylar,[],3.0,808704,2022,808704,2
skylar/XC569758.ogg,skylar,[],4.0,244224,2022,244224,4
skylar/XC570607.ogg,skylar,[],3.0,3141888,2022,3141888,3
skylar/XC571988.ogg,skylar,[],4.0,5070336,2022,5070336,4
skylar/XC572104.ogg,skylar,[],4.0,1933472,2022,1933472,3
skylar/XC572112.ogg,skylar,[],3.0,3961408,2022,3961408,1
skylar/XC572260.ogg,skylar,[],2.5,664544,2022,664544,1
skylar/XC572406.ogg,skylar,[],4.0,1905408,2022,1905408,4
skylar/XC573358.ogg,skylar,[],3.0,954619,2022,954619,0
skylar/XC573884.ogg,skylar,[],4.0,2471811,2022,2471811,2
skylar/XC574939.ogg,skylar,[],3.0,263314,2022,263314,3
skylar/XC575998.ogg,skylar,[],2.0,163840,2022,163840,1
skylar/XC576000.ogg,skylar,[],1.0,405408,2022,405408,1
skylar/XC576002.ogg,skylar,[],1.0,254944,2022,254944,0
skylar/XC576010.ogg,skylar,[],2.0,657856,2022,657856,3
skylar/XC576011.ogg,skylar,[],2.0,346880,2022,346880,0
skylar/XC576188.ogg,skylar,[],3.0,284192,2022,284192,3
skylar/XC577296.ogg,skylar,[],4.0,1291494,2022,1291494,4
skylar/XC581204.ogg,skylar,[],5.0,5270465,2022,5270465,0
skylar/XC582350.ogg,skylar,[],5.0,3167264,2022,3167264,4
skylar/XC583696.ogg,skylar,[],4.0,173024,2022,173024,4
skylar/XC584540.ogg,skylar,[],4.0,276689,2022,276689,2
skylar/XC585081.ogg,skylar,[],3.0,574276,2022,574276,1
skylar/XC586593.ogg,skylar,[],3.0,197248,2022,197248,4
skylar/XC588121.ogg,skylar,[],3.0,234048,2022,234048,3
skylar/XC589189.ogg,skylar,[],2.0,627744,2022,627744,0
skylar/XC590363.ogg,skylar,[],1.0,166336,2022,166336,1
skylar/XC590859.ogg,skylar,[],4.0,371968,2022,371968,1
skylar/XC594375.ogg,skylar,[],3.0,1255680,2022,1255680,1
skylar/XC594472.ogg,skylar,[],3.5,1652736,2022,1652736,3
skylar/XC594717.ogg,skylar,[],4.0,182208,2022,182208,2
skylar/XC594718.ogg,skylar,[],3.0,225792,2022,225792,0
skylar/XC595153.ogg,skylar,[],5.0,215667,2022,215667,1
skylar/XC595273.ogg,skylar,[],3.0,251584,2022,251584,1
skylar/XC595571.ogg,skylar,[],5.0,338528,2022,338528,1
skylar/XC595676.ogg,skylar,[],3.0,170496,2022,170496,4
skylar/XC595709.ogg,skylar,[],5.0,2967488,2022,2967488,4
skylar/XC596874.ogg,skylar,[],3.0,323488,2022,323488,3
skylar/XC597391.ogg,skylar,[],3.5,967158,2022,967158,4
skylar/XC599109.ogg,skylar,[],4.0,238848,2022,238848,2
skylar/XC599187.ogg,skylar,[],4.0,524928,2022,524928,1
skylar/XC600118.ogg,skylar,[],4.0,176640,2022,176640,1
skylar/XC600827.ogg,skylar,[],4.0,415488,2022,415488,1
skylar/XC601171.ogg,skylar,[],2.0,190464,2022,190464,4
skylar/XC601936.ogg,skylar,[],5.0,943744,2022,943744,0
skylar/XC603093.ogg,skylar,[],4.0,459744,2022,459744,2
skylar/XC603580.ogg,skylar,['jabwar'],4.5,385358,2022,385358,4
skylar/XC603611.ogg,skylar,[],5.0,2105088,2022,2105088,0
skylar/XC603637.ogg,skylar,[],5.0,1900800,2022,1900800,1
skylar/XC605300.ogg,skylar,[],4.0,385358,2022,385358,4
skylar/XC607294.ogg,skylar,[],4.0,510720,2022,510720,3
skylar/XC607436.ogg,skylar,[],5.0,1781760,2022,1781760,3
skylar/XC614525.ogg,skylar,[],5.0,2337228,2022,2337228,4
skylar/XC620943.ogg,skylar,[],5.0,301056,2022,301056,1
skylar/XC622639.ogg,skylar,[],5.0,197277,2022,197277,2
skylar/XC622771.ogg,skylar,[],4.0,168020,2022,168020,3
skylar/XC623025.ogg,skylar,[],4.0,390144,2022,390144,4
skylar/XC624254.ogg,skylar,[],4.0,237312,2022,237312,0
skylar/XC625341.ogg,skylar,[],5.0,1859072,2022,1859072,4
skylar/XC625649.ogg,skylar,[],4.5,3810944,2022,3810944,3
skylar/XC625661.ogg,skylar,[],4.0,1264896,2022,1264896,4
skylar/XC626296.ogg,skylar,[],4.0,290064,2022,290064,3
skylar/XC626298.ogg,skylar,[],4.0,1608307,2022,1608307,3
skylar/XC627310.ogg,skylar,[],4.5,16105639,2022,16105639,2
skylar/XC627635.ogg,skylar,[],4.0,2586304,2022,2586304,2
skylar/XC627953.ogg,skylar,[],2.0,646144,2022,646144,1
skylar/XC629111.ogg,skylar,[],4.0,3377110,2022,3377110,2
skylar/XC629119.ogg,skylar,[],5.0,3724016,2022,3724016,4
skylar/XC629291.ogg,skylar,[],3.0,721920,2022,721920,4
skylar/XC630461.ogg,skylar,[],5.0,571744,2022,571744,1
skylar/XC630597.ogg,skylar,[],5.0,4244768,2022,4244768,3
skylar/XC630808.ogg,skylar,[],3.0,3611136,2022,3611136,3
skylar/XC631836.ogg,skylar,[],1.5,201216,2022,201216,3
skylar/XC631840.ogg,skylar,[],3.0,2980608,2022,2980608,4
skylar/XC632628.ogg,skylar,[],5.0,2005368,2022,2005368,1
skylar/XC634897.ogg,skylar,[],5.0,572544,2022,572544,4
skylar/XC635036.ogg,skylar,[],5.0,559872,2022,559872,2
skylar/XC635416.ogg,skylar,[],3.0,1543936,2022,1543936,2
skylar/XC635998.ogg,skylar,[],3.0,1056768,2022,1056768,4
skylar/XC636007.ogg,skylar,[],4.5,660376,2022,660376,4
skylar/XC636223.ogg,skylar,[],3.5,4660224,2022,4660224,3
skylar/XC637743.ogg,skylar,[],4.0,1362547,2022,1362547,1
skylar/XC637744.ogg,skylar,[],4.0,1409358,2022,1409358,1
skylar/XC638042.ogg,skylar,[],3.5,550656,2022,550656,4
skylar/XC639727.ogg,skylar,[],5.0,667392,2022,667392,3
skylar/XC640738.ogg,skylar,[],4.0,825600,2022,825600,3
skylar/XC640753.ogg,skylar,[],5.0,717312,2022,717312,0
skylar/XC641783.ogg,skylar,[],5.0,1701094,2022,1701094,0
skylar/XC641785.ogg,skylar,[],5.0,2562926,2022,2562926,4
skylar/XC642274.ogg,skylar,[],3.0,1053248,2022,1053248,1
skylar/XC642567.ogg,skylar,[],5.0,2397414,2022,2397414,0
skylar/XC642696.ogg,skylar,[],4.0,865152,2022,865152,3
skylar/XC644155.ogg,skylar,[],3.5,539136,2022,539136,2
skylar/XC644980.ogg,skylar,[],3.0,833280,2022,833280,0
skylar/XC645262.ogg,skylar,[],5.0,3625728,2022,3625728,0
skylar/XC646617.ogg,skylar,[],5.0,2552059,2022,2552059,0
skylar/XC647453.ogg,skylar,[],5.0,1021492,2022,1021492,0
skylar/XC647881.ogg,skylar,[],3.0,656192,2022,656192,4
skylar/XC648386.ogg,skylar,[],5.0,1602432,2022,1602432,3
skylar/XC649623.ogg,skylar,[],3.0,374491,2022,374491,3
skylar/XC649655.ogg,skylar,[],3.5,2863104,2022,2863104,4
skylar/XC650621.ogg,skylar,[],4.0,762336,2022,762336,2
skylar/XC652475.ogg,skylar,[],5.0,3330299,2022,3330299,0
skylar/XC652906.ogg,skylar,[],5.0,1237984,2022,1237984,1
skylar/XC653091.ogg,skylar,[],3.5,1012224,2022,1012224,1
skylar/XC655266.ogg,skylar,[],4.5,956288,2022,956288,1
skylar/XC656563.ogg,skylar,[],4.5,2511360,2022,2511360,4
skylar/XC656577.ogg,skylar,[],5.0,596736,2022,596736,0
skylar/XC656579.ogg,skylar,['skylar'],4.5,4294656,2022,4294656,2
skylar/XC657059.ogg,skylar,['skylar'],3.5,1080576,2022,1080576,3
skylar/XC657423.ogg,skylar,[],3.0,2306299,2022,2306299,1
skylar/XC657611.ogg,skylar,[],4.0,438016,2022,438016,3
skylar/XC657634.ogg,skylar,[],4.5,1138496,2022,1138496,1
skylar/XC658144.ogg,skylar,[],4.0,1128480,2022,1128480,2
skylar/XC658628.ogg,skylar,[],5.0,253440,2022,253440,0
skylar/XC661423.ogg,skylar,['skylar'],3.5,1058273,2022,1058273,4
skylar/XC661611.ogg,skylar,[],4.0,2183392,2022,2183392,3
skylar/XC662709.ogg,skylar,[],4.0,213504,2022,213504,4
skylar/XC662848.ogg,skylar,[],4.0,886048,2022,886048,3
skylar/XC662920.ogg,skylar,[],4.0,448888,2022,448888,4
skylar/XC664030.ogg,skylar,[],4.0,31903488,2022,31903488,0
skylar/XC664848.ogg,skylar,[],4.0,1049913,2022,1049913,3
skylar/XC666711.ogg,skylar,[],5.0,624431,2022,624431,4
skylar/XC666860.ogg,skylar,[],5.0,1118432,2022,1118432,2
skylar/XC666885.ogg,skylar,[],5.0,2400736,2022,2400736,1
skylar/XC666887.ogg,skylar,[],5.0,594336,2022,594336,4
skylar/XC666890.ogg,skylar,[],5.0,4681952,2022,4681952,1
skylar/XC666939.ogg,skylar,[],5.0,3168960,2022,3168960,2
warwhe1/XC122061.ogg,warwhe1,[],4.0,1648431,2022,1648431,4
warwhe1/XC135109.ogg,warwhe1,[],5.0,643657,2022,643657,4
warwhe1/XC152079.ogg,warwhe1,[],4.0,341055,2022,341055,1
warwhe1/XC152144.ogg,warwhe1,[],3.0,1726171,2022,1726171,2
warwhe1/XC152145.ogg,warwhe1,[],4.0,1513012,2022,1513012,0
warwhe1/XC164815.ogg,warwhe1,[],4.0,1207902,2022,1207902,2
warwhe1/XC172706.ogg,warwhe1,[],4.0,713874,2022,713874,4
warwhe1/XC172824.ogg,warwhe1,[],5.0,2926550,2022,2926550,1
warwhe1/XC175329.ogg,warwhe1,[],5.0,1985306,2022,1985306,1
warwhe1/XC175490.ogg,warwhe1,"['apapan', 'houfin']",4.5,2209332,2022,2209332,0
warwhe1/XC176943.ogg,warwhe1,[],3.0,178051,2022,178051,1
warwhe1/XC176944.ogg,warwhe1,[],4.0,183902,2022,183902,4
warwhe1/XC191389.ogg,warwhe1,[],5.0,203520,2022,203520,4
warwhe1/XC192817.ogg,warwhe1,[],4.0,563409,2022,563409,2
warwhe1/XC192982.ogg,warwhe1,['houfin'],3.5,2154998,2022,2154998,0
warwhe1/XC193714.ogg,warwhe1,[],5.0,245760,2022,245760,0
warwhe1/XC194700.ogg,warwhe1,[],4.0,484833,2022,484833,2
warwhe1/XC197367.ogg,warwhe1,[],4.0,642048,2022,642048,4
warwhe1/XC197947.ogg,warwhe1,[],4.0,905472,2022,905472,2
warwhe1/XC205833.ogg,warwhe1,[],4.0,620251,2022,620251,1
warwhe1/XC205835.ogg,warwhe1,[],5.0,422139,2022,422139,3
warwhe1/XC208165.ogg,warwhe1,[],5.0,499879,2022,499879,2
warwhe1/XC208166.ogg,warwhe1,[],5.0,684617,2022,684617,3
warwhe1/XC209515.ogg,warwhe1,[],4.0,316813,2022,316813,0
warwhe1/XC209948.ogg,warwhe1,[],4.0,3195648,2022,3195648,4
warwhe1/XC210186.ogg,warwhe1,['oahama'],3.5,810005,2022,810005,2
warwhe1/XC210187.ogg,warwhe1,[],4.0,62694,2022,62694,1
warwhe1/XC210188.ogg,warwhe1,['oahama'],3.5,2393234,2022,2393234,0
warwhe1/XC210444.ogg,warwhe1,[],2.5,1080842,2022,1080842,2
warwhe1/XC241675.ogg,warwhe1,[],4.0,3272620,2022,3272620,3
warwhe1/XC242627.ogg,warwhe1,[],4.0,777404,2022,777404,0
warwhe1/XC252716.ogg,warwhe1,[],4.0,2846302,2022,2846302,2
warwhe1/XC27315.ogg,warwhe1,['redjun'],4.5,1540598,2022,1540598,3
warwhe1/XC27333.ogg,warwhe1,[],4.0,142942,2022,142942,1
warwhe1/XC27339.ogg,warwhe1,[],5.0,1905894,2022,1905894,3
warwhe1/XC287972.ogg,warwhe1,[],5.0,2740992,2022,2740992,0
warwhe1/XC287982.ogg,warwhe1,[],3.0,986112,2022,986112,0
warwhe1/XC292546.ogg,warwhe1,[],4.0,571768,2022,571768,4
warwhe1/XC292566.ogg,warwhe1,[],4.0,743967,2022,743967,1
warwhe1/XC308900.ogg,warwhe1,[],4.0,718054,2022,718054,4
warwhe1/XC314508.ogg,warwhe1,[],3.0,1217933,2022,1217933,0
warwhe1/XC31452.ogg,warwhe1,[],3.0,978016,2022,978016,4
warwhe1/XC321115.ogg,warwhe1,[],4.0,103654,2022,103654,3
warwhe1/XC326568.ogg,warwhe1,['iiwi'],3.5,1165270,2022,1165270,2
warwhe1/XC363009.ogg,warwhe1,[],3.5,4508160,2022,4508160,3
warwhe1/XC369657.ogg,warwhe1,[],3.5,2342400,2022,2342400,2
warwhe1/XC369711.ogg,warwhe1,[],3.0,372480,2022,372480,4
warwhe1/XC385605.ogg,warwhe1,['norcar'],3.5,1867776,2022,1867776,3
warwhe1/XC389523.ogg,warwhe1,[],4.0,1705273,2022,1705273,0
warwhe1/XC409246.ogg,warwhe1,[],3.5,1250528,2022,1250528,3
warwhe1/XC411789.ogg,warwhe1,[],4.0,1147392,2022,1147392,2
warwhe1/XC411790.ogg,warwhe1,[],4.0,896256,2022,896256,1
warwhe1/XC436950.ogg,warwhe1,[],4.0,561737,2022,561737,2
warwhe1/XC454893.ogg,warwhe1,[],5.0,943752,2022,943752,0
warwhe1/XC454896.ogg,warwhe1,['jabwar'],3.5,2037133,2022,2037133,4
warwhe1/XC465135.ogg,warwhe1,[],3.0,979680,2022,979680,1
warwhe1/XC466095.ogg,warwhe1,[],5.0,1367808,2022,1367808,2
warwhe1/XC483892.ogg,warwhe1,[],4.0,210651,2022,210651,1
warwhe1/XC503118.ogg,warwhe1,['oahama'],0.0,612728,2022,612728,3
warwhe1/XC503528.ogg,warwhe1,[],5.0,278336,2022,278336,0
warwhe1/XC507025.ogg,warwhe1,['jabwar'],4.5,1372416,2022,1372416,3
warwhe1/XC509447.ogg,warwhe1,[],3.0,677930,2022,677930,0
warwhe1/XC516329.ogg,warwhe1,[],3.0,403200,2022,403200,4
warwhe1/XC516333.ogg,warwhe1,[],4.0,3807744,2022,3807744,3
warwhe1/XC570336.ogg,warwhe1,[],5.0,2075584,2022,2075584,3
warwhe1/XC576719.ogg,warwhe1,[],5.0,1002240,2022,1002240,4
warwhe1/XC581686.ogg,warwhe1,[],5.0,2300928,2022,2300928,1
warwhe1/XC602064.ogg,warwhe1,[],2.5,536660,2022,536660,3
warwhe1/XC602065.ogg,warwhe1,[],3.5,316813,2022,316813,1
warwhe1/XC602074.ogg,warwhe1,[],2.5,189753,2022,189753,1
warwhe1/XC656625.ogg,warwhe1,[],4.0,1655808,2022,1655808,1
yefcan/XC127471.ogg,yefcan,[],3.5,471458,2022,471458,0
yefcan/XC128894.ogg,yefcan,[],3.0,701336,2022,701336,3
yefcan/XC162807.ogg,yefcan,[],4.0,955455,2022,955455,3
yefcan/XC174788.ogg,yefcan,['commyn'],2.5,1622518,2022,1622518,0
yefcan/XC174823.ogg,yefcan,['reccar'],2.5,363624,2022,363624,4
yefcan/XC190656.ogg,yefcan,[],4.0,543347,2022,543347,1
yefcan/XC191213.ogg,yefcan,[],5.0,1031424,2022,1031424,0
yefcan/XC193670.ogg,yefcan,[],3.5,2178403,2022,2178403,2
yefcan/XC195768.ogg,yefcan,[],2.5,178887,2022,178887,1
yefcan/XC196124.ogg,yefcan,[],4.0,981368,2022,981368,3
yefcan/XC198706.ogg,yefcan,[],4.0,343562,2022,343562,3
yefcan/XC198707.ogg,yefcan,[],4.0,915331,2022,915331,2
yefcan/XC200948.ogg,yefcan,[],3.0,1085022,2022,1085022,2
yefcan/XC202620.ogg,yefcan,[],3.5,328516,2022,328516,2
yefcan/XC202628.ogg,yefcan,[],3.5,908643,2022,908643,4
yefcan/XC204502.ogg,yefcan,[],3.5,434678,2022,434678,4
yefcan/XC204503.ogg,yefcan,[],3.5,1161091,2022,1161091,2
yefcan/XC204504.ogg,yefcan,[],3.5,1559824,2022,1559824,1
yefcan/XC205840.ogg,yefcan,[],4.0,1283135,2022,1283135,3
yefcan/XC206377.ogg,yefcan,[],4.5,455576,2022,455576,3
yefcan/XC206825.ogg,yefcan,[],3.5,1248862,2022,1248862,1
yefcan/XC207919.ogg,yefcan,['commyn'],2.5,2458436,2022,2458436,4
yefcan/XC207920.ogg,yefcan,"['commyn', 'zebdov']",3.5,542511,2022,542511,4
yefcan/XC208047.ogg,yefcan,[],2.5,757342,2022,757342,3
yefcan/XC267715.ogg,yefcan,[],3.5,1387624,2022,1387624,3
yefcan/XC267716.ogg,yefcan,[],4.5,1395148,2022,1395148,1
yefcan/XC282025.ogg,yefcan,[],3.5,1917597,2022,1917597,1
yefcan/XC282027.ogg,yefcan,[],3.5,2541192,2022,2541192,0
yefcan/XC299398.ogg,yefcan,[],2.5,808333,2022,808333,4
yefcan/XC309473.ogg,yefcan,[],3.5,708859,2022,708859,2
yefcan/XC310368.ogg,yefcan,[],3.0,559104,2022,559104,3
yefcan/XC310370.ogg,yefcan,[],4.0,1387008,2022,1387008,4
yefcan/XC315495.ogg,yefcan,[],4.0,672914,2022,672914,4
yefcan/XC315496.ogg,yefcan,[],4.0,489012,2022,489012,4
yefcan/XC315797.ogg,yefcan,[],5.0,1264744,2022,1264744,0
yefcan/XC322373.ogg,yefcan,[],4.0,580127,2022,580127,1
yefcan/XC355032.ogg,yefcan,[],4.5,864340,2022,864340,3
yefcan/XC361677.ogg,yefcan,[],4.5,2533664,2022,2533664,2
yefcan/XC361962.ogg,yefcan,[],4.5,2189248,2022,2189248,1
yefcan/XC363888.ogg,yefcan,[],5.0,445544,2022,445544,0
yefcan/XC373728.ogg,yefcan,[],4.0,1299017,2022,1299017,2
yefcan/XC380517.ogg,yefcan,[],4.0,438021,2022,438021,1
yefcan/XC385133.ogg,yefcan,[],4.0,1329408,2022,1329408,3
yefcan/XC385604.ogg,yefcan,[],4.0,683520,2022,683520,1
yefcan/XC392041.ogg,yefcan,[],5.0,1258048,2022,1258048,1
yefcan/XC392061.ogg,yefcan,[],5.0,2083936,2022,2083936,2
yefcan/XC396425.ogg,yefcan,[],3.5,1400999,2022,1400999,2
yefcan/XC402142.ogg,yefcan,[],3.5,499879,2022,499879,0
yefcan/XC405654.ogg,yefcan,[],3.5,1121280,2022,1121280,0
yefcan/XC405792.ogg,yefcan,[],4.5,934557,2022,934557,0
yefcan/XC452599.ogg,yefcan,[],4.5,506112,2022,506112,4
yefcan/XC458021.ogg,yefcan,[],3.5,1693568,2022,1693568,4
yefcan/XC468693.ogg,yefcan,[],3.0,352758,2022,352758,2
yefcan/XC48472.ogg,yefcan,[],4.0,821708,2022,821708,0
yefcan/XC485973.ogg,yefcan,[],4.0,500704,2022,500704,4
yefcan/XC489237.ogg,yefcan,[],0.0,4054272,2022,4054272,3
yefcan/XC513862.ogg,yefcan,[],5.0,444709,2022,444709,0
yefcan/XC543181.ogg,yefcan,[],5.0,950784,2022,950784,2
yefcan/XC543781.ogg,yefcan,[],2.5,1688544,2022,1688544,3
yefcan/XC552095.ogg,yefcan,[],4.0,1439232,2022,1439232,1
yefcan/XC608858.ogg,yefcan,[],5.0,1154403,2022,1154403,0
yefcan/XC619282.ogg,yefcan,[],5.0,509952,2022,509952,0
yefcan/XC638431.ogg,yefcan,[],4.0,1512160,2022,1512160,0
yefcan/XC638457.ogg,yefcan,[],4.0,1039872,2022,1039872,4
yefcan/XC648484.ogg,yefcan,[],4.0,2356448,2022,2356448,2
yefcan/XC664188.ogg,yefcan,[],4.0,273344,2022,273344,1
yefcan/XC667142.ogg,yefcan,[],3.5,1009760,2022,1009760,1
